LogID,SessionID,MovementID,Sets_Prescribed,Reps_Prescribed,Load_Prescribed,Pct1RM_Prescribed,Sets_Actual,Reps_Actual,Load_Actual,RPE,Notes,Timestamp
LOG_20251003_145824_263357,10W_SQUAT-A-01,MOV_OHS,4,6,,65.0,4,6,25.0,6,,2025-10-03T14:58:24
LOG_20251003_145845_881852,10W_SQUAT-B-01,MOV_FS,3,2,,60.0,3,2,50.0,6,,2025-10-03T14:58:45
LOG_20251003_145900_101887,10W_SQUAT-C-01,MOV_OHS,3,2,,60.0,3,2,25.0,6,,2025-10-03T14:59:00
LOG_20251003_145911_186763,10W_SQUAT-D-01,MOV_FS,4,5,,65.0,4,5,55.0,6,,2025-10-03T14:59:11
LOG_20251003_150015_146932,10W_SQUAT-E-01,MOV_OHS,3,2,,60.0,3,2,25.0,6,,2025-10-03T15:00:15
LOG_20251003_153627_150363,OLY-BEG-A-A-01,MOV_HSNATCH,6,3,,,6,3,30.0,6,,2025-10-03T15:36:27
LOG_20251003_153627_229815,OLY-BEG-A-A-01,MOV_SN_DL_SEG,5,3,,,5,3,50.0,6,,2025-10-03T15:36:27
LOG_20251003_153627_120285,OLY-BEG-A-A-01,MOV_OHS,5,3,,,5,3,25.0,6,,2025-10-03T15:36:27
LOG_20251003_153627_295516,OLY-BEG-A-A-01,MOV_BS,4,8,,,4,8,0.0,6,,2025-10-03T15:36:27
LOG_20251003_153704_213153,OLY-BEG-A-B-01,MOV_PC_FS_COMPLEX,6,,,,6,3,40.0,6,,2025-10-03T15:37:04
LOG_20251003_153704_119867,OLY-BEG-A-B-01,MOV_CL_HPULL,5,5,,,5,5,40.0,6,,2025-10-03T15:37:04
LOG_20251003_153704_129477,OLY-BEG-A-B-01,MOV_PJERK,6,3,,,6,3,40.0,6,,2025-10-03T15:37:04
LOG_20251003_153704_311364,OLY-BEG-A-B-01,MOV_SHPRESS,5,6,,,5,6,40.0,6,,2025-10-03T15:37:04
LOG_20251003_153730_246177,OLY-BEG-A-C-01,MOV_HCLEAN_JERK_COMPLEX,6,,,,6,3,40.0,6,,2025-10-03T15:37:30
LOG_20251003_153730_320130,OLY-BEG-A-C-01,MOV_BS,5,5,,,5,5,0.0,6,,2025-10-03T15:37:30
LOG_20251007_081006_634205,OLY-BEG-A-D-01,MOV_PSN_OHS_COMPLEX,6,,,,6,0,30.0,6,,2025-10-07T08:10:06
LOG_20251007_081006_205104,OLY-BEG-A-D-01,MOV_SN_HPULL,5,5,,,5,5,50.0,6,,2025-10-07T08:10:06
LOG_20251007_081006_970544,OLY-BEG-A-D-01,MOV_FS,5,4,,,5,4,50.0,6,,2025-10-07T08:10:06
LOG_20251007_081006_117312,OLY-BEG-A-D-01,MOV_SN_PRESS,5,6,,,5,6,30.0,6,,2025-10-07T08:10:06
LOG_20251007_081044_243875,OLY-BEG-A-A-02,MOV_HSNATCH,6,3,,,6,3,32.5,6,,2025-10-07T08:10:44
LOG_20251007_081044_303950,OLY-BEG-A-A-02,MOV_SN_DL_SEG,5,3,,,5,3,52.5,6,,2025-10-07T08:10:44
LOG_20251007_081044_303622,OLY-BEG-A-A-02,MOV_OHS,5,3,,,5,3,27.5,6,,2025-10-07T08:10:44
LOG_20251007_081044_170359,OLY-BEG-A-A-02,MOV_BS,4,8,,,4,8,40.0,6,,2025-10-07T08:10:44
LOG_20251007_134050_317957,OLY-BEG-A-B-02,MOV_PC_FS_COMPLEX,6,,,,6,3,42.5,6,,2025-10-07T13:40:50
LOG_20251007_134050_306976,OLY-BEG-A-B-02,MOV_CL_HPULL,5,5,,,5,5,52.5,8,,2025-10-07T13:40:50
LOG_20251007_134050_226219,OLY-BEG-A-B-02,MOV_PJERK,6,3,,,6,3,42.5,6,,2025-10-07T13:40:50
LOG_20251007_134050_154398,OLY-BEG-A-B-02,MOV_SHPRESS,5,6,,,5,6,42.5,8,,2025-10-07T13:40:50
LOG_20251008_094836_332666,10W_SQUAT-F-01,MOV_OHS,3,2,25.0,65.0,3,2,25.0,6,,2025-10-08T09:48:36
LOG_20251008_094854_119857,10W_SQUAT-A-02,MOV_OHS,6,6,27.5,70.0,6,6,27.5,6,,2025-10-08T09:48:54
LOG_20251008_094909_123327,10W_SQUAT-B-02,MOV_FS,3,2,50.0,60.0,3,2,50.0,6,,2025-10-08T09:49:09
LOG_20251008_170206_195579,10W_SQUAT-D-02,MOV_FS,6,5,60.0,70.0,6,5,60.0,6,weight belt for testing,2025-10-08T17:02:06
LOG_20251009_153639_182138,10W_SQUAT-C-02,MOV_OHS,3,2,25.0,60.0,3,2,25.0,6,,2025-10-09T15:36:39
LOG_20251009_153713_254462,OLY-BEG-A-C-02,MOV_HCLEAN_JERK_COMPLEX,6,3,,,6,3,42.5,6,,2025-10-09T15:37:13
LOG_20251009_153713_250372,OLY-BEG-A-C-02,MOV_BS,5,5,,,5,5,60.0,6,went for depth,2025-10-09T15:37:13
LOG_20251010_141008_212045,OLY-BEG-A-D-02,MOV_PSN_OHS_COMPLEX,6,1,,,6,1,32.5,6,,2025-10-10T14:10:08
LOG_20251010_141008_261382,OLY-BEG-A-D-02,MOV_SN_HPULL,5,5,,,5,5,52.5,6,,2025-10-10T14:10:08
LOG_20251010_141008_263185,OLY-BEG-A-D-02,MOV_FS,5,4,,,5,4,0.0,6,,2025-10-10T14:10:08
LOG_20251010_141008_166874,OLY-BEG-A-D-02,MOV_SN_PRESS,5,6,,,5,6,32.5,6,,2025-10-10T14:10:08
LOG_20251010_141039_204960,10W_SQUAT-E-02,MOV_OHS,3,2,25.0,60.0,3,2,25.0,6,,2025-10-10T14:10:39
LOG_20251013_104234_208868,10W_SQUAT-F-02,MOV_OHS,3,2,27.5,70.0,3,2,27.5,6,,2025-10-13T10:42:34
LOG_20251013_124349_122380,10W_SQUAT-A-03,MOV_OHS,8,6,27.5,70.0,8,6,27.5,6,,2025-10-13T12:43:49
LOG_20251013_124417_279061,OLY-BEG-A-A-03,MOV_HSNATCH,6,3,,,6,3,35.0,6,,2025-10-13T12:44:17
LOG_20251013_124417_104244,OLY-BEG-A-A-03,MOV_SN_DL_SEG,5,3,,,5,3,55.0,6,,2025-10-13T12:44:17
LOG_20251013_124417_116975,OLY-BEG-A-A-03,MOV_OHS,5,3,,,5,3,27.5,6,,2025-10-13T12:44:17
LOG_20251013_124417_140475,OLY-BEG-A-A-03,MOV_BS,4,8,,,4,8,60.0,6,,2025-10-13T12:44:17
LOG_20251015_075925_117596,10W_SQUAT-B-03,MOV_FS,3,2,50.0,60.0,3,2,50.0,6,,2025-10-15T07:59:25
LOG_20251015_080007_597845,OLY-BEG-A-B-03,MOV_PC_FS_COMPLEX,6,1,,,6,1,45.0,6,,2025-10-15T08:00:07
LOG_20251015_080007_227219,OLY-BEG-A-B-03,MOV_CL_HPULL,5,5,,,5,5,55.0,6,,2025-10-15T08:00:07
LOG_20251015_080007_677507,OLY-BEG-A-B-03,MOV_PJERK,6,3,,,6,3,45.0,6,,2025-10-15T08:00:07
LOG_20251015_080007_175871,OLY-BEG-A-B-03,MOV_SHPRESS,5,6,,,5,6,45.0,6,,2025-10-15T08:00:07
LOG_20251015_163553_293153,10W_SQUAT-C-03,MOV_OHS,3,2,25.0,60.0,3,2,25.0,6,,2025-10-15T16:35:53
LOG_20251016_130750_387778,10W_SQUAT-D-03,MOV_FS,8,5,60.0,70.0,8,5,60.0,6,"The last two sets were tough, used belt for all sets.",2025-10-16T13:07:50
LOG_20251016_130849_264359,OLY-BEG-A-C-03,MOV_HCLEAN_JERK_COMPLEX,6,3,,,6,3,45.0,6,,2025-10-16T13:08:49
LOG_20251016_130849_172180,OLY-BEG-A-C-03,MOV_CL_DL_SEG,5,5,,,5,5,75.0,6,,2025-10-16T13:08:49
LOG_20251016_130849_206939,OLY-BEG-A-C-03,MOV_BS,5,5,,,0,0,0.0,6,Did the squat program FS instead 5x8@60kg,2025-10-16T13:08:49
LOG_20251017_133926_263894,10W_SQUAT-E-03,MOV_OHS,3,2,25.0,60.0,3,2,25.0,6,,2025-10-17T13:39:26
LOG_20251017_134041_323076,OLY-BEG-A-D-03,MOV_PSN_OHS_COMPLEX,6,1,,,6,1,35.0,6,,2025-10-17T13:40:41
LOG_20251017_134041_777588,OLY-BEG-A-D-03,MOV_SN_HPULL,5,5,,,5,5,55.0,6,,2025-10-17T13:40:41
LOG_20251017_134041_505275,OLY-BEG-A-D-03,MOV_FS,5,4,,,5,4,60.0,6,focus on depth and keeping elbows up,2025-10-17T13:40:41
LOG_20251017_134041_198084,OLY-BEG-A-D-03,MOV_SN_PRESS,5,6,,,5,6,30.0,6,30kg seems to be better fro ROM and engaging shoulders,2025-10-17T13:40:41
LOG_20251018_135810_971906,10W_SQUAT-F-03,MOV_OHS,3,2,27.5,70.0,3,2,27.5,6,"No shoes, used the foot riser",2025-10-18T13:58:10
LOG_20251020_124110_142321,10W_SQUAT-A-04,MOV_OHS,10,6,27.5,70.0,10,6,27.5,6,,2025-10-20T12:41:10
LOG_20251020_124207_243210,OLY-BEG-A-A-04,MOV_HSNATCH,6,3,,,6,3,37.5,6,,2025-10-20T12:42:07
LOG_20251020_124207_324088,OLY-BEG-A-A-04,MOV_SN_DL_SEG,5,3,,,5,3,57.5,6,,2025-10-20T12:42:07
LOG_20251020_124207_875998,OLY-BEG-A-A-04,MOV_OHS,5,3,,,0,0,0.0,6,did the 10 x 6 sqyat program @27.5,2025-10-20T12:42:07
LOG_20251020_124207_314051,OLY-BEG-A-A-04,MOV_BS,4,8,,,0,0,0.0,6,ran out of time ,2025-10-20T12:42:07
LOG_20251021_133340_152797,OLY-BEG-A-B-04,MOV_PC_FS_COMPLEX,6,1,,,6,1,47.5,6,,2025-10-21T13:33:40
LOG_20251021_133340_139702,OLY-BEG-A-B-04,MOV_CL_HPULL,5,5,,,5,5,57.5,6,,2025-10-21T13:33:40
LOG_20251021_133340_119858,OLY-BEG-A-B-04,MOV_PJERK,6,3,,,6,3,47.5,6,,2025-10-21T13:33:40
LOG_20251021_133340_136671,OLY-BEG-A-B-04,MOV_SHPRESS,5,6,,,5,6,47.5,6,push press reps 4-6 most sets,2025-10-21T13:33:40
LOG_20251021_133421_455405,10W_SQUAT-B-04,MOV_FS,3,2,50.0,60.0,0,0,0.0,6,oly lift session had the equivilant squats so didnt add these,2025-10-21T13:34:21
LOG_20251022_143130_153441,10W_SQUAT-D-04,MOV_FRONT_SQUAT,10,5,60.0,70.0,10,5,60.0,6,Some sets pause squats some normal tempo,2025-10-22T14:31:30
LOG_20251023_131938_335237,OLY-BEG-A-C-04,MOV_HCLEAN_JERK_COMPLEX,6,3,0.0,,6,3,57.5,6,"went 10kg heavier by accident, was ok",2025-10-23T13:19:38
LOG_20251023_131938_208257,OLY-BEG-A-C-04,MOV_BACK_SQUAT,5,5,0.0,,0,0,0.0,6,skipped dut ot knee being a bit sire and tie restrictions,2025-10-23T13:19:38
LOG_20251023_131938_176229,OLY-BEG-A-C-04,MOV_CLEAN_DL_SEG,5,5,87.5,1.25,5,5,80.0,6,,2025-10-23T13:19:38
LOG_20251027_104152_534154,OLY-BEG-A-D-04,MOV_PSN_OHS_COMPLEX,6,1,0.0,,6,1,37.5,6,,2025-10-27T10:41:52
LOG_20251027_104152_478871,OLY-BEG-A-D-04,MOV_SNATCH_HPULL,5,5,52.5,0.95,5,5,57.5,6,,2025-10-27T10:41:52
LOG_20251027_104152_272543,OLY-BEG-A-D-04,MOV_FRONT_SQUAT,5,4,0.0,,5,4,60.0,6,,2025-10-27T10:41:52
LOG_20251027_104152_638108,OLY-BEG-A-D-04,MOV_SN_PRESS,5,6,0.0,,5,6,30.0,6,,2025-10-27T10:41:52
LOG_20251027_104230_363134,10W_SQUAT-C-04,MOV_OHS,3,2,25.0,60.0,3,2,25.0,6,,2025-10-27T10:42:30
LOG_20251027_104246_290208,10W_SQUAT-E-04,MOV_OHS,3,2,25.0,60.0,3,2,25.0,6,,2025-10-27T10:42:46
LOG_20251027_104258_300893,10W_SQUAT-F-04,MOV_OHS,3,2,27.5,70.0,3,2,27.5,6,,2025-10-27T10:42:58
LOG_20251029_123940_923802,10W_SQUAT-A-05,MOV_OHS,8,6,30.0,75.0,8,6,30.0,6,,2025-10-29T12:39:40
LOG_20251029_135856_313697,10W_SQUAT-B-05,MOV_FRONT_SQUAT,3,2,50.0,60.0,3,2,50.0,6,,2025-10-29T13:58:56
LOG_20251029_135905_333678,10W_SQUAT-C-05,MOV_OHS,3,2,25.0,60.0,3,2,30.0,6,,2025-10-29T13:59:05
LOG_20251029_140011_133636,OLY-BEG-B-A-01,MOV_SNATCH,6,2,35.0,65.0,6,2,35.0,6,,2025-10-29T14:00:11
LOG_20251029_140011_176512,OLY-BEG-B-A-01,MOV_SNATCH_DL_SEG,5,4,70.0,1.25,5,4,70.0,6,,2025-10-29T14:00:11
LOG_20251029_140011_113974,OLY-BEG-B-A-01,MOV_OHS,5,3,32.5,80.0,0,0,0.0,6,Did the squats from 10 week program,2025-10-29T14:00:11
LOG_20251029_140011_125057,OLY-BEG-B-A-01,MOV_BACK_SQUAT,4,6,87.5,80.0,0,0,0.0,6,Did FS from 10 week program,2025-10-29T14:00:11
LOG_20251029_140011_162869,OLY-BEG-B-A-01,MOV_RINGROW,3,8,0.0,,3,8,0.0,6,,2025-10-29T14:00:11
LOG_20251029_140011_177438,OLY-BEG-B-A-01,MOV_RING_SUPPORT_HOLD,3,15,0.0,,3,15,0.0,6,,2025-10-29T14:00:11
LOG_20251029_140011_252950,OLY-BEG-B-A-01,MOV_ABWHEEL,3,10,0.0,,3,8,0.0,6,,2025-10-29T14:00:11
LOG_20251030_140355_247549,OLY-BEG-B-B-01,MOV_PC_FS_COMPLEX,6,2,0.0,,6,2,45.0,6,,2025-10-30T14:03:55
LOG_20251030_140355_314931,OLY-BEG-B-B-01,MOV_CLEAN_HPULL,5,3,62.5,0.9,5,3,60.0,6,,2025-10-30T14:03:55
LOG_20251030_140355_354391,OLY-BEG-B-B-01,MOV_PJERK,6,3,0.0,,6,3,50.0,6,,2025-10-30T14:03:55
LOG_20251030_140355_152967,OLY-BEG-B-B-01,MOV_SHPRESS,5,4,0.0,,5,4,40.0,6,,2025-10-30T14:03:55
LOG_20251030_140355_104165,OLY-BEG-B-B-01,MOV_WPU,3,5,0.0,,3,5,5.0,6,,2025-10-30T14:03:55
LOG_20251030_140355_121380,OLY-BEG-B-B-01,MOV_PULL_ISO,3,10,0.0,,3,10,0.0,6,,2025-10-30T14:03:55
LOG_20251030_140355_145543,OLY-BEG-B-B-01,MOV_ABWHEEL,3,10,0.0,,0,0,0.0,6,ran out of time had to get back to work,2025-10-30T14:03:55
LOG_20251119_132837_339772,10W_SQUAT-D-05,MOV_FRONT_SQUAT,8,4,65.0,75.0,8,4,65.0,6,legs blew up quickly after having a few weeks off,2025-11-19T13:28:37
LOG_20251120_155648_165422,OLY-BEG-B-C-01,MOV_CJ,6,2,45.0,65.0,6,2,45.0,6,,2025-11-20T15:56:48
LOG_20251120_155648_287087,OLY-BEG-B-C-01,MOV_CLEAN_PULL,5,4,80.0,1.0,5,4,80.0,6,,2025-11-20T15:56:48
LOG_20251120_155648_215360,OLY-BEG-B-C-01,MOV_BACK_SQUAT,5,3,87.5,80.0,5,3,87.5,6,,2025-11-20T15:56:48
LOG_20251120_155648_151788,OLY-BEG-B-C-01,MOV_RMU_TRANS_FA,3,3,0.0,,3,3,2.5,6,,2025-11-20T15:56:48
LOG_20251120_155648_293480,OLY-BEG-B-C-01,MOV_RING_DIP_BOTTOM_HOLD,3,15,0.0,,3,15,0.0,6,,2025-11-20T15:56:48
LOG_20251120_155648_484191,OLY-BEG-B-C-01,MOV_HOLLOW,3,,0.0,,3,0,35.0,6,,2025-11-20T15:56:48
LOG_20251120_155731_142392,10W_SQUAT-E-05,MOV_OHS,3,2,25.0,60.0,3,2,25.0,6,,2025-11-20T15:57:31
LOG_20251122_141111_289379,10W_SQUAT-F-05,MOV_OHS,3,2,27.5,70.0,0,0,0.0,6,completed these as part of the Everret day @35kg,2025-11-22T14:11:11
LOG_20251124_081113_994486,OLY-BEG-B-D-01,MOV_PSN_OHS_COMPLEX,6,2,0.0,,6,2,35.0,6,,2025-11-24T08:11:13
LOG_20251124_081113_146795,OLY-BEG-B-D-01,MOV_SNATCH_HPULL,5,3,52.5,0.95,5,3,52.5,6,,2025-11-24T08:11:13
LOG_20251124_081113_663215,OLY-BEG-B-D-01,MOV_FRONT_SQUAT,5,3,67.5,80.0,5,3,67.5,6,,2025-11-24T08:11:13
LOG_20251124_081113_280238,OLY-BEG-B-D-01,MOV_SN_PRESS,5,4,0.0,,5,4,15.0,6,,2025-11-24T08:11:13
LOG_20251124_081113_240321,OLY-BEG-B-D-01,MOV_LSIT,3,5,0.0,,3,5,10.0,6,,2025-11-24T08:11:13
LOG_20251124_081113_670138,OLY-BEG-B-D-01,MOV_SCAP_PULL,3,,0.0,,3,0,10.0,6,,2025-11-24T08:11:13
LOG_20251124_081113_197274,OLY-BEG-B-D-01,MOV_HOLLOWRK,3,15,0.0,,3,15,15.0,6,,2025-11-24T08:11:13
LOG_20251124_140443_182196,10W_SQUAT-A-06,MOV_OHS,6,5,40.0,80.0,6,5,32.5,6,just adjusted my 1RM on 24/11/2025 to 50kg,2025-11-24T14:04:43
LOG_20251124_140547_271463,OLY-BEG-B-A-02,MOV_SNATCH,6,2,37.5,70.0,6,2,37.5,6,,2025-11-24T14:05:47
LOG_20251124_140547_159403,OLY-BEG-B-A-02,MOV_SNATCH_PULL,5,4,55.0,1.0,5,4,55.0,6,,2025-11-24T14:05:47
LOG_20251124_140547_126981,OLY-BEG-B-A-02,MOV_OHS,5,3,40.0,80.0,5,3,0.0,6,I did this as part of the 10 week program,2025-11-24T14:05:47
LOG_20251124_140547_233936,OLY-BEG-B-A-02,MOV_BACK_SQUAT,4,6,80.0,72.0,4,6,80.0,6,,2025-11-24T14:05:47
LOG_20251124_140547_108570,OLY-BEG-B-A-02,MOV_RINGROW,3,8,0.0,,3,8,7.5,6,,2025-11-24T14:05:47
LOG_20251124_140547_110359,OLY-BEG-B-A-02,MOV_RING_SUPPORT_HOLD,3,15,0.0,,3,15,15.0,6,,2025-11-24T14:05:47
LOG_20251124_140547_243398,OLY-BEG-B-A-02,MOV_ABWHEEL,3,10,0.0,,3,10,10.0,6,,2025-11-24T14:05:47
LOG_20251125_163720_545946,10W_SQUAT-B-06,MOV_FRONT_SQUAT,3,2,50.0,60.0,3,2,0.0,6,did these as part of the everett workout,2025-11-25T16:37:20
LOG_20251125_163808_842023,OLY-BEG-B-B-02,MOV_PC_FS_COMPLEX,6,2,0.0,,6,2,50.0,6,,2025-11-25T16:38:08
LOG_20251125_163808_253285,OLY-BEG-B-B-02,MOV_CLEAN_HPULL,5,3,72.5,0.9,5,3,70.0,6,,2025-11-25T16:38:08
LOG_20251125_163808_894659,OLY-BEG-B-B-02,MOV_PJERK,6,3,0.0,,6,3,50.0,6,,2025-11-25T16:38:08
LOG_20251125_163808_998764,OLY-BEG-B-B-02,MOV_SHPRESS,5,4,50.0,0.7,5,4,50.0,6,,2025-11-25T16:38:08
LOG_20251125_163808_231790,OLY-BEG-B-B-02,MOV_WPU,3,5,0.0,,3,5,5.0,6,,2025-11-25T16:38:08
LOG_20251125_163808_432527,OLY-BEG-B-B-02,MOV_PULL_ISO,3,10,0.0,,3,10,10.0,6,,2025-11-25T16:38:08
LOG_20251125_163808_152211,OLY-BEG-B-B-02,MOV_ABWHEEL,3,10,0.0,,3,10,10.0,6,,2025-11-25T16:38:08
LOG_20251126_151955_281999,10W_SQUAT-D-06,MOV_FRONT_SQUAT,6,4,67.5,78.0,6,4,67.5,6,,2025-11-26T15:19:55
LOG_20251127_131302_179168,OLY-BEG-B-C-02,MOV_CJ,6,2,55.0,80.0,6,2,55.0,6,,2025-11-27T13:13:02
LOG_20251127_131302_794649,OLY-BEG-B-C-02,MOV_CLEAN_PULL,5,4,80.0,1.0,5,4,80.0,6,,2025-11-27T13:13:02
LOG_20251127_131302_751661,OLY-BEG-B-C-02,MOV_BACK_SQUAT,5,3,87.5,80.0,5,3,87.5,6,,2025-11-27T13:13:02
LOG_20251127_131302_210186,OLY-BEG-B-C-02,MOV_RMU_TRANS_FA,3,3,0.0,,3,3,2.5,6,,2025-11-27T13:13:02
LOG_20251127_131302_323181,OLY-BEG-B-C-02,MOV_RING_DIP_BOTTOM_HOLD,3,15,0.0,,3,15,15.0,6,,2025-11-27T13:13:02
LOG_20251127_131302_293715,OLY-BEG-B-C-02,MOV_HOLLOW,3,,0.0,,3,0,30.0,6,,2025-11-27T13:13:02
LOG_20251127_131321_190457,10W_SQUAT-C-06,MOV_OHS,3,2,30.0,60.0,3,2,30.0,3,,2025-11-27T13:13:21
LOG_20251130_105555_181263,OLY-BEG-B-D-02,MOV_PSN_OHS_COMPLEX,6,2,0.0,,6,2,37.5,6,,2025-11-30T10:55:55
LOG_20251130_105555_314718,OLY-BEG-B-D-02,MOV_SNATCH_HPULL,5,3,52.5,0.95,5,3,57.5,6,,2025-11-30T10:55:55
LOG_20251130_105555_196626,OLY-BEG-B-D-02,MOV_FRONT_SQUAT,5,3,67.5,80.0,5,3,70.0,6,,2025-11-30T10:55:55
LOG_20251130_105555_254285,OLY-BEG-B-D-02,MOV_SN_PRESS,5,4,0.0,,5,4,20.0,6,,2025-11-30T10:55:55
LOG_20251130_105555_278584,OLY-BEG-B-D-02,MOV_LSIT,3,5,0.0,,3,5,30.0,6,,2025-11-30T10:55:55
LOG_20251130_105555_267403,OLY-BEG-B-D-02,MOV_SCAP_PULL,3,,0.0,,3,0,0.0,6,,2025-11-30T10:55:55
LOG_20251130_105555_211214,OLY-BEG-B-D-02,MOV_HOLLOWRK,3,15,0.0,,3,15,0.0,6,,2025-11-30T10:55:55
LOG_20251130_105613_197374,10W_SQUAT-F-06,MOV_OHS,3,2,35.0,70.0,3,2,37.5,6,,2025-11-30T10:56:13
LOG_20251130_105625_731099,10W_SQUAT-E-06,MOV_OHS,3,2,30.0,60.0,3,2,30.0,6,,2025-11-30T10:56:25
LOG_20251201_115208_166877,10W_SQUAT-A-07,MOV_OHS,4,4,42.5,85.0,4,4,0.0,6,completed this as part of Everrett B workout,2025-12-01T11:52:08
LOG_20251201_132857_347603,OLY-BEG-B-A-03,MOV_SNATCH,6,2,40.0,72.0,6,2,40.0,6,,2025-12-01T13:28:57
LOG_20251201_132857_801294,OLY-BEG-B-A-03,MOV_SNATCH_PULL,5,4,55.0,1.0,5,4,55.0,6,,2025-12-01T13:28:57
LOG_20251201_132857_248700,OLY-BEG-B-A-03,MOV_OHS,5,3,40.0,80.0,5,3,40.0,6,,2025-12-01T13:28:57
LOG_20251201_132857_248964,OLY-BEG-B-A-03,MOV_BACK_SQUAT,4,6,87.5,80.0,4,6,87.5,8,,2025-12-01T13:28:57
LOG_20251201_132857_483949,OLY-BEG-B-A-03,MOV_RINGROW,3,8,0.0,,3,8,7.5,8,,2025-12-01T13:28:57
LOG_20251201_132857_316959,OLY-BEG-B-A-03,MOV_RING_SUPPORT_HOLD,3,15,0.0,,3,15,20.0,6,,2025-12-01T13:28:57
LOG_20251201_132857_122791,OLY-BEG-B-A-03,MOV_ABWHEEL,3,10,0.0,,3,10,7.5,6,,2025-12-01T13:28:57
LOG_20251202_113801_190562,10W_SQUAT-B-07,MOV_FRONT_SQUAT,3,2,50.0,60.0,3,2,0.0,6,completed as part of the Everett lift session,2025-12-02T11:38:01
LOG_20251204_092603_648534,OLY-BEG-B-B-03,MOV_PC_FS_COMPLEX,6,2,0.0,,6,2,55.0,6,,2025-12-04T09:26:03
LOG_20251204_092603_266165,OLY-BEG-B-B-03,MOV_CLEAN_HPULL,5,3,72.5,0.9,5,3,0.0,6,I skipped this as my lower back was feeling a bit sore,2025-12-04T09:26:03
LOG_20251204_092603_324046,OLY-BEG-B-B-03,MOV_PJERK,6,3,0.0,,6,3,55.0,6,,2025-12-04T09:26:03
LOG_20251204_092603_102018,OLY-BEG-B-B-03,MOV_SHPRESS,5,4,50.0,0.7,5,4,55.0,6,,2025-12-04T09:26:03
LOG_20251204_092603_316009,OLY-BEG-B-B-03,MOV_WPU,3,5,0.0,,3,5,0.0,6,missed this due to fire call,2025-12-04T09:26:03
LOG_20251204_092603_324718,OLY-BEG-B-B-03,MOV_PULL_ISO,3,10,0.0,,3,10,0.0,6,missed this due to fire call,2025-12-04T09:26:03
LOG_20251204_092603_142379,OLY-BEG-B-B-03,MOV_ABWHEEL,3,10,0.0,,3,10,0.0,6,missed this due to fire call,2025-12-04T09:26:03
LOG_20251204_133137_250929,OLY-BEG-B-C-03,MOV_CJ,6,2,60.0,85.0,6,2,60.0,8,the jerks felt hard,2025-12-04T13:31:37
LOG_20251204_133137_179873,OLY-BEG-B-C-03,MOV_CLEAN_PULL,5,4,80.0,1.0,5,4,80.0,7,,2025-12-04T13:31:37
LOG_20251204_133137_269508,OLY-BEG-B-C-03,MOV_BACK_SQUAT,5,3,87.5,80.0,5,3,0.0,6,I did front squats in 10 week squat program instead,2025-12-04T13:31:37
LOG_20251204_133137_504396,OLY-BEG-B-C-03,MOV_RMU_TRANS_FA,3,3,0.0,,3,3,2.5,6,,2025-12-04T13:31:37
LOG_20251204_133137_214814,OLY-BEG-B-C-03,MOV_RING_DIP_BOTTOM_HOLD,3,15,0.0,,3,15,15.0,6,,2025-12-04T13:31:37
LOG_20251204_133137_272554,OLY-BEG-B-C-03,MOV_HOLLOW,3,,0.0,,3,0,30.0,6,,2025-12-04T13:31:37
LOG_20251204_133154_178964,10W_SQUAT-D-07,MOV_FRONT_SQUAT,4,4,70.0,81.0,4,4,70.0,6,,2025-12-04T13:31:54
LOG_20251208_085233_367965,OLY-BEG-B-D-03,MOV_PSN_OHS_COMPLEX,6,2,0.0,,6,2,0.0,6,,2025-12-08T08:52:33
LOG_20251208_085233_900826,OLY-BEG-B-D-03,MOV_SNATCH_HPULL,5,3,52.5,0.95,5,3,52.5,6,,2025-12-08T08:52:33
LOG_20251208_085233_230402,OLY-BEG-B-D-03,MOV_FRONT_SQUAT,5,3,67.5,80.0,5,3,67.5,6,,2025-12-08T08:52:33
LOG_20251208_085233_328894,OLY-BEG-B-D-03,MOV_SN_PRESS,5,4,0.0,,5,4,0.0,6,,2025-12-08T08:52:33
LOG_20251208_085233_694721,OLY-BEG-B-D-03,MOV_LSIT,3,5,0.0,,3,5,0.0,6,,2025-12-08T08:52:33
LOG_20251208_085233_595800,OLY-BEG-B-D-03,MOV_SCAP_PULL,3,,0.0,,3,0,0.0,6,,2025-12-08T08:52:33
LOG_20251208_085233_325899,OLY-BEG-B-D-03,MOV_HOLLOWRK,3,15,0.0,,3,15,0.0,6,,2025-12-08T08:52:33
LOG_20251208_085249_434941,10W_SQUAT-C-07,MOV_OHS,3,2,30.0,60.0,3,2,30.0,6,,2025-12-08T08:52:49
LOG_20251208_085254_330654,10W_SQUAT-E-07,MOV_OHS,3,2,30.0,60.0,3,2,30.0,6,,2025-12-08T08:52:54
LOG_20251208_085258_109516,10W_SQUAT-F-07,MOV_OHS,3,2,35.0,70.0,3,2,35.0,6,,2025-12-08T08:52:58
LOG_20251208_132231_220732,OLY-BEG-B-A-04,MOV_SNATCH,6,2,40.0,75.0,6,2,45.0,6,,2025-12-08T13:22:31
LOG_20251208_132231_248983,OLY-BEG-B-A-04,MOV_SNATCH_PULL,5,4,55.0,1.0,5,4,70.0,6,,2025-12-08T13:22:31
LOG_20251208_132231_339141,OLY-BEG-B-A-04,MOV_OHS,5,3,40.0,80.0,5,3,35.0,6,,2025-12-08T13:22:31
LOG_20251208_132231_115164,OLY-BEG-B-A-04,MOV_BACK_SQUAT,4,6,87.5,80.0,4,6,87.5,6,front squats @ 70,2025-12-08T13:22:31
LOG_20251208_132231_243685,OLY-BEG-B-A-04,MOV_RINGROW,3,8,0.0,,3,8,0.0,6,,2025-12-08T13:22:31
LOG_20251208_132231_223317,OLY-BEG-B-A-04,MOV_RING_SUPPORT_HOLD,3,15,0.0,,3,15,30.0,6,,2025-12-08T13:22:31
LOG_20251208_132231_200206,OLY-BEG-B-A-04,MOV_ABWHEEL,3,10,0.0,,3,10,0.0,6,,2025-12-08T13:22:31
LOG_20251208_132244_106925,10W_SQUAT-A-08,MOV_OHS,3,3,45.0,90.0,3,3,35.0,6,,2025-12-08T13:22:44
LOG_20251208_132255_156085,10W_SQUAT-C-08,MOV_OHS,3,2,30.0,60.0,3,2,35.0,6,,2025-12-08T13:22:55
LOG_20251208_132310_543477,10W_SQUAT-B-08,MOV_FRONT_SQUAT,3,2,50.0,60.0,3,2,70.0,6,,2025-12-08T13:23:10
LOG_20251208_132320_281989,10W_SQUAT-D-08,MOV_FRONT_SQUAT,3,3,72.5,84.0,3,3,72.5,6,,2025-12-08T13:23:20
LOG_20251208_132334_845998,10W_SQUAT-E-08,MOV_OHS,3,2,30.0,60.0,3,2,35.0,6,,2025-12-08T13:23:34
LOG_20251215_151610_493642,10W_SQUAT-F-08,MOV_OHS,3,2,35.0,70.0,3,2,35.0,6,,2025-12-15T15:16:10
LOG_20251215_151955_103089,OLY-BEG-B-B-04,MOV_PC_FS_COMPLEX,6,2,0.0,,6,2,0.0,6,,2025-12-15T15:19:55
LOG_20251215_151955_269152,OLY-BEG-B-B-04,MOV_CLEAN_HPULL,5,3,72.5,0.9,5,3,72.5,6,,2025-12-15T15:19:55
LOG_20251215_151955_522644,OLY-BEG-B-B-04,MOV_PJERK,6,3,0.0,,6,3,0.0,6,,2025-12-15T15:19:55
LOG_20251215_151955_783553,OLY-BEG-B-B-04,MOV_SHPRESS,5,4,50.0,0.7,5,4,50.0,6,,2025-12-15T15:19:55
LOG_20251215_151955_277202,OLY-BEG-B-B-04,MOV_WPU,3,5,0.0,,3,5,0.0,6,,2025-12-15T15:19:55
LOG_20251215_151955_912226,OLY-BEG-B-B-04,MOV_PULL_ISO,3,10,0.0,,3,10,0.0,6,,2025-12-15T15:19:55
LOG_20251215_151955_285094,OLY-BEG-B-B-04,MOV_ABWHEEL,3,10,0.0,,3,10,0.0,6,,2025-12-15T15:19:55
LOG_20251215_152004_175812,OLY-BEG-B-C-04,MOV_CJ,6,2,62.5,90.0,6,2,62.5,6,,2025-12-15T15:20:04
LOG_20251215_152004_271569,OLY-BEG-B-C-04,MOV_CLEAN_PULL,5,4,80.0,1.0,5,4,80.0,6,,2025-12-15T15:20:04
LOG_20251215_152004_193266,OLY-BEG-B-C-04,MOV_BACK_SQUAT,5,3,87.5,80.0,5,3,87.5,6,,2025-12-15T15:20:04
LOG_20251215_152004_298932,OLY-BEG-B-C-04,MOV_RMU_TRANS_FA,3,3,0.0,,3,3,0.0,6,,2025-12-15T15:20:04
LOG_20251215_152004_121055,OLY-BEG-B-C-04,MOV_RING_DIP_BOTTOM_HOLD,3,15,0.0,,3,15,0.0,6,,2025-12-15T15:20:04
LOG_20251215_152004_394572,OLY-BEG-B-C-04,MOV_HOLLOW,3,,0.0,,3,0,0.0,6,,2025-12-15T15:20:04
LOG_20251215_152010_158413,OLY-BEG-B-D-04,MOV_PSN_OHS_COMPLEX,6,2,0.0,,6,2,0.0,6,,2025-12-15T15:20:10
LOG_20251215_152010_133321,OLY-BEG-B-D-04,MOV_SNATCH_HPULL,5,3,52.5,0.95,5,3,52.5,6,,2025-12-15T15:20:10
LOG_20251215_152010_133579,OLY-BEG-B-D-04,MOV_FRONT_SQUAT,5,3,67.5,80.0,5,3,67.5,6,,2025-12-15T15:20:10
LOG_20251215_152010_152830,OLY-BEG-B-D-04,MOV_SN_PRESS,5,4,0.0,,5,4,0.0,6,,2025-12-15T15:20:10
LOG_20251215_152010_208866,OLY-BEG-B-D-04,MOV_LSIT,3,5,0.0,,3,5,0.0,6,,2025-12-15T15:20:10
LOG_20251215_152010_207799,OLY-BEG-B-D-04,MOV_SCAP_PULL,3,,0.0,,3,0,0.0,6,,2025-12-15T15:20:10
LOG_20251215_152010_333862,OLY-BEG-B-D-04,MOV_HOLLOWRK,3,15,0.0,,3,15,0.0,6,,2025-12-15T15:20:10
LOG_20251215_152036_302284,10W_SQUAT-A-09,MOV_OHS,2,2,47.5,95.0,2,2,47.5,6,,2025-12-15T15:20:36
LOG_20251215_152040_471609,10W_SQUAT-B-09,MOV_FRONT_SQUAT,3,2,50.0,60.0,3,2,50.0,6,,2025-12-15T15:20:40
LOG_20251215_152044_207989,10W_SQUAT-C-09,MOV_OHS,2,2,42.5,87.0,2,2,42.5,6,,2025-12-15T15:20:44
LOG_20251215_152048_172955,10W_SQUAT-D-09,MOV_FRONT_SQUAT,3,2,50.0,60.0,3,2,50.0,6,,2025-12-15T15:20:48
LOG_20251215_152053_784454,10W_SQUAT-E-09,MOV_OHS,3,2,30.0,60.0,3,2,30.0,6,,2025-12-15T15:20:53
LOG_20251215_152101_256110,10W_SQUAT-A-10,MOV_OHS,2,2,25.0,50.0,2,2,25.0,6,,2025-12-15T15:21:01
LOG_20251215_152132_318292,10W_SQUAT-F-09,MOV_OHS,3,2,35.0,70.0,3,2,35.0,6,,2025-12-15T15:21:32
LOG_20251215_152708_657194,BMU-6W-A-01,MOV_C2B,6,2,0.0,,6,2,0.0,6,,2025-12-15T15:27:08
LOG_20251215_152708_340963,BMU-6W-A-01,MOV_WPU,4,4,0.0,,4,4,0.0,6,,2025-12-15T15:27:08
LOG_20251215_152708_259956,BMU-6W-A-01,MOV_C2B_ISO,3,15,0.0,,3,15,0.0,6,,2025-12-15T15:27:08
LOG_20251215_152708_318428,BMU-6W-A-01,MOV_HOLLOW,3,,0.0,,3,0,0.0,6,,2025-12-15T15:27:08
LOG_20251215_152708_614599,BMU-6W-A-01,MOV_BENCH,5,5,57.5,65.0,5,5,57.5,6,,2025-12-15T15:27:08
LOG_20251215_152708_185588,BMU-6W-A-01,MOV_DU,,40,0.0,,0,20,0.0,4,need to slowly work these back up to avoid an old injury flaring up again,2025-12-15T15:27:08
LOG_20251216_140956_179444,HSPU-6W-A-01,MOV_HSPU_ECC,4,3,0.0,,4,3,2.5,6,,2025-12-16T14:09:56
LOG_20251216_140956_312979,HSPU-6W-A-01,MOV_PIKE_DEF,4,8,0.0,,4,8,7.5,6,,2025-12-16T14:09:56
LOG_20251216_140956_166429,HSPU-6W-A-01,MOV_SHPRESS,3,8,45.0,65.0,3,8,40.0,9,this was really hard after pressing the day before,2025-12-16T14:09:56
LOG_20251216_140956_119993,HSPU-6W-A-01,MOV_PLANK,3,60,0.0,,3,60,35.0,6,,2025-12-16T14:09:56
LOG_20251216_140956_406879,HSPU-6W-A-01,MOV_THRUSTER,,6,0.0,,0,6,0.0,6,skipped these due to Front Squat Testing,2025-12-16T14:09:56
LOG_20251216_141022_207581,10W_SQUAT-B-10,MOV_FRONT_SQUAT,,,0.0,,0,1,100.0,9,New 1RM 100kg,2025-12-16T14:10:22
LOG_20251217_133852_293796,BMU-6W-B-01,MOV_BMU_TRANS_FA,6,2,0.0,,6,2,2.5,6,,2025-12-17T13:38:52
LOG_20251217_133852_287965,BMU-6W-B-01,MOV_SBDIP,5,5,0.0,,5,5,5.0,6,,2025-12-17T13:38:52
LOG_20251217_133852_316518,BMU-6W-B-01,MOV_BAR_SUP,3,,0.0,,3,0,30.0,6,,2025-12-17T13:38:52
LOG_20251217_133852_940368,BMU-6W-B-01,MOV_BMU_ECC,2,2,0.0,,2,2,2.5,6,,2025-12-17T13:38:52
LOG_20251217_133852_209644,BMU-6W-B-01,MOV_BURP,,8,0.0,,8,8,7.5,6,,2025-12-17T13:38:52
LOG_20251217_133907_118490,10W_SQUAT-C-10,MOV_OHS,2,2,30.0,60.0,2,2,30.0,6,,2025-12-17T13:39:07
LOG_20251218_140555_238023,HSPU-6W-B-01,MOV_HOLD_HS,5,40,0.0,,5,40,40.0,6,,2025-12-18T14:05:55
LOG_20251218_140555_699628,HSPU-6W-B-01,MOV_HSPU_PARTIAL,4,6,0.0,,3,6,5.0,6,150mm riser,2025-12-18T14:05:55
LOG_20251218_140555_125804,HSPU-6W-B-01,MOV_HSISO_LOW,6,2,0.0,,2,1,20.0,6,,2025-12-18T14:05:55
LOG_20251218_140555_753319,HSPU-6W-B-01,MOV_HOLLOW,3,20,0.0,,3,20,30.0,6,,2025-12-18T14:05:55
LOG_20251218_140555_162590,HSPU-6W-B-01,MOV_PCLEAN,,3,52.5,65.0,0,0,0.0,6,Ran out of time for this and feeling a bit fatigued,2025-12-18T14:05:55
LOG_20251218_140613_508477,10W_SQUAT-D-10,MOV_FRONT_SQUAT,2,1,60.0,60.0,2,1,60.0,6,,2025-12-18T14:06:13
LOG_20251218_140619_327112,10W_SQUAT-E-10,MOV_OHS,3,1,25.0,50.0,3,1,25.0,6,,2025-12-18T14:06:19
LOG_20251218_140641_225135,10W_SQUAT-F-10,MOV_OHS,,,0.0,,0,1,70.0,10,new 1RM at 70kg,2025-12-18T14:06:41
LOG_20251222_084023_329544,BMU-6W-C-01,MOV_C2B,5,,0.0,,5,0,2.5,6,,2025-12-22T08:40:23
LOG_20251222_084023_219867,BMU-6W-C-01,MOV_C2B_ISO,3,15,0.0,,3,15,10.0,6,,2025-12-22T08:40:23
LOG_20251222_084023_161393,BMU-6W-C-01,MOV_C2B_NEG,3,5,0.0,,3,5,5.0,6,,2025-12-22T08:40:23
LOG_20251222_084023_130243,BMU-6W-C-01,MOV_LSIT,3,,0.0,,3,0,10.0,6,,2025-12-22T08:40:23
LOG_20251222_084023_285896,BMU-6W-C-01,MOV_BENCH,3,6,57.5,65.0,3,6,57.5,6,,2025-12-22T08:40:23
LOG_20251222_084023_198778,BMU-6W-C-01,MOV_TTB,,5,0.0,,0,5,5.0,6,,2025-12-22T08:40:23
LOG_20251222_143939_307889,HSPU-6W-C-01,MOV_HOLD_HS,8,30,0.0,,8,30,30.0,6,,2025-12-22T14:39:39
LOG_20251222_143939_302902,HSPU-6W-C-01,MOV_PIKE_DEF,3,8,0.0,,3,8,7.5,6,,2025-12-22T14:39:39
LOG_20251222_143939_303512,HSPU-6W-C-01,MOV_HSPU_PARTIAL,4,4,0.0,,4,4,5.0,6,,2025-12-22T14:39:39
LOG_20251222_143939_242121,HSPU-6W-C-01,MOV_SCAPSLIDE,3,15,0.0,,3,15,15.0,6,,2025-12-22T14:39:39
LOG_20251223_161757_220569,BMU-6W-A-02,MOV_C2B,6,2,0.0,,6,2,2.5,6,,2025-12-23T16:17:57
LOG_20251223_161757_210021,BMU-6W-A-02,MOV_WPU,4,4,0.0,,4,4,5.0,6,5 kg,2025-12-23T16:17:57
LOG_20251223_161757_288585,BMU-6W-A-02,MOV_C2B_ISO,3,15,0.0,,3,15,15.0,6,,2025-12-23T16:17:57
LOG_20251223_161757_299449,BMU-6W-A-02,MOV_HOLLOW,3,,0.0,,3,0,30.0,6,,2025-12-23T16:17:57
LOG_20251223_161757_105011,BMU-6W-A-02,MOV_BENCH,5,5,62.5,70.0,5,5,62.5,4,felt fast,2025-12-23T16:17:57
LOG_20251223_161757_168196,BMU-6W-A-02,MOV_PSNATCH,,3,35.0,65.0,0,3,35.0,3,felt like it moved quickly,2025-12-23T16:17:57
LOG_20251226_150949_170877,BMU-6W-B-02,MOV_BMU_TRANS_FA,6,2,0.0,,6,2,2.5,8,,2025-12-26T15:09:49
LOG_20251226_150949_237574,BMU-6W-B-02,MOV_SBDIP,5,5,0.0,,5,5,5.0,7,,2025-12-26T15:09:49
LOG_20251226_150949_371517,BMU-6W-B-02,MOV_BAR_SUP,3,,0.0,,3,0,30.0,6,,2025-12-26T15:09:49
LOG_20251226_150949_448596,BMU-6W-B-02,MOV_BMU_ECC,2,2,0.0,,2,2,2.5,9,,2025-12-26T15:09:49
LOG_20251226_150949_330324,BMU-6W-B-02,MOV_BURP,,8,0.0,,0,8,7.5,6,lot more fluetn this time bar facing,2025-12-26T15:09:49
LOG_20251226_151103_560993,HSPU-6W-A-02,MOV_HSPU_ECC,4,3,0.0,,4,3,2.5,5,,2025-12-26T15:11:03
LOG_20251226_151103_287343,HSPU-6W-A-02,MOV_PIKE_DEF,4,8,0.0,,4,8,7.5,7,,2025-12-26T15:11:03
LOG_20251226_151103_293055,HSPU-6W-A-02,MOV_SHPRESS,3,8,50.0,0.7,3,8,40.0,6,,2025-12-26T15:11:03
LOG_20251226_151103_138802,HSPU-6W-A-02,MOV_PLANK,3,60,0.0,,3,60,30.0,6,,2025-12-26T15:11:03
LOG_20251228_145817_166038,HSPU-6W-B-02,MOV_HOLD_HS,5,40,0.0,,5,40,40.0,5,,2025-12-28T14:58:17
LOG_20251228_145817_273357,HSPU-6W-B-02,MOV_HSPU_PARTIAL,4,6,0.0,,4,6,5.0,5,,2025-12-28T14:58:17
LOG_20251228_145817_317971,HSPU-6W-B-02,MOV_HSISO_LOW,6,2,0.0,,6,2,2.5,8,,2025-12-28T14:58:17
LOG_20251228_145817_315385,HSPU-6W-B-02,MOV_HOLLOW,3,20,0.0,,3,20,30.0,6,,2025-12-28T14:58:17
LOG_20251228_145817_156702,HSPU-6W-B-02,MOV_THRUSTER,,30,0.0,,0,30,2.5,5,,2025-12-28T14:58:17
LOG_20260101_110249_129651,BMU-6W-C-02,MOV_C2B,5,,0.0,,5,0,5.0,6,,2026-01-01T11:02:49
LOG_20260101_110249_126069,BMU-6W-C-02,MOV_C2B_ISO,3,15,0.0,,3,15,15.0,6,,2026-01-01T11:02:49
LOG_20260101_110249_278858,BMU-6W-C-02,MOV_C2B_NEG,3,5,0.0,,3,5,5.0,6,,2026-01-01T11:02:49
LOG_20260101_110249_280655,BMU-6W-C-02,MOV_LSIT,3,,0.0,,3,0,15.0,6,,2026-01-01T11:02:49
LOG_20260101_110249_131075,BMU-6W-C-02,MOV_BENCH,4,5,62.5,70.0,4,5,62.5,6,,2026-01-01T11:02:49
LOG_20260101_110249_114739,BMU-6W-C-02,MOV_DU,,40,0.0,,0,40,30.0,5,working on the firts pass being a double about 20 seconds for 30,2026-01-01T11:02:49
LOG_20260103_193017_247301,HSPU-6W-C-02,MOV_HOLD_HS,8,30,0.0,,8,30,30.0,6,,2026-01-03T19:30:17
LOG_20260103_193017_204533,HSPU-6W-C-02,MOV_PIKE_DEF,3,8,0.0,,3,8,7.5,6,,2026-01-03T19:30:17
LOG_20260103_193017_216695,HSPU-6W-C-02,MOV_HSPU_PARTIAL,4,4,0.0,,4,4,5.0,6,,2026-01-03T19:30:17
LOG_20260103_193017_290734,HSPU-6W-C-02,MOV_SCAPSLIDE,3,15,0.0,,3,15,15.0,6,moved these onto the floor with a snatch grip,2026-01-03T19:30:17
LOG_20260103_193017_336273,HSPU-6W-C-02,MOV_WW,,2,0.0,,5,2,2.5,6,,2026-01-03T19:30:17
LOG_20260105_143107_235823,BMU-6W-A-03,MOV_C2B,6,3,0.0,,6,3,2.5,6,,2026-01-05T14:31:07
LOG_20260105_143107_267775,BMU-6W-A-03,MOV_WPU,4,4,0.0,,4,4,7.5,6,,2026-01-05T14:31:07
LOG_20260105_143107_206167,BMU-6W-A-03,MOV_C2B_ISO,3,18,0.0,,3,18,20.0,6,,2026-01-05T14:31:07
LOG_20260105_143107_573817,BMU-6W-A-03,MOV_HOLLOW,3,,0.0,,3,0,30.0,6,,2026-01-05T14:31:07
LOG_20260105_143107_288467,BMU-6W-A-03,MOV_BENCH,5,6,67.5,75.0,5,6,67.5,6,,2026-01-05T14:31:07
LOG_20260105_143107_274498,BMU-6W-A-03,MOV_DU,,40,0.0,,0,40,30.0,6,,2026-01-05T14:31:07
LOG_20260105_143123_107862,10W_SQUAT_2-A-01,MOV_CLEAN_GRIP_OHS,4,6,25.0,65.0,4,6,25.0,6,,2026-01-05T14:31:23
LOG_20260106_142504_326959,HSPU-6W-A-03,MOV_HSPU_ECC,4,2,0.0,,4,2,2.5,5,,2026-01-06T14:25:04
LOG_20260106_142504_951403,HSPU-6W-A-03,MOV_PIKE_DEF,4,8,0.0,,4,8,7.5,8,,2026-01-06T14:25:04
LOG_20260106_142504_210520,HSPU-6W-A-03,MOV_SHPRESS,4,6,45.0,65.0,4,6,35.0,7,,2026-01-06T14:25:04
LOG_20260106_142504_288494,HSPU-6W-A-03,MOV_PLANK,3,60,0.0,,3,60,30.0,6,,2026-01-06T14:25:04
LOG_20260106_142504_338078,HSPU-6W-A-03,MOV_THRUSTER,,6,0.0,,0,6,5.0,7,,2026-01-06T14:25:04
LOG_20260106_155838_694851,10W_SQUAT_2-B-01,MOV_BACK_SQUAT,3,2,65.0,60.0,3,2,65.0,6,,2026-01-06T15:58:38
LOG_20260108_084256_206661,BMU-6W-B-03,MOV_BMU_TRANS_FA,6,2,0.0,,6,2,2.5,8,,2026-01-08T08:42:56
LOG_20260108_084256_316734,BMU-6W-B-03,MOV_SBDIP,4,4,0.0,,4,4,5.0,6,,2026-01-08T08:42:56
LOG_20260108_084256_133261,BMU-6W-B-03,MOV_BAR_SUP,3,,0.0,,3,0,30.0,7,,2026-01-08T08:42:56
LOG_20260108_084256_130787,BMU-6W-B-03,MOV_BMU_ECC,2,3,0.0,,2,3,2.5,8,,2026-01-08T08:42:56
LOG_20260108_084256_219102,BMU-6W-B-03,MOV_TTB/Thrusters,,,0.0,,0,0,5.0,7,EMOM 8 mins 6TTB 6 Thrusters,2026-01-08T08:42:56
LOG_20260108_084308_632822,10W_SQUAT_2-C-01,MOV_CLEAN_GRIP_OHS,3,2,25.0,60.0,3,2,25.0,6,,2026-01-08T08:43:08
LOG_20260108_111436_252349,HSPU-6W-B-03,MOV_HOLD_HS,5,40,0.0,,5,40,40.0,5,,2026-01-08T11:14:36
LOG_20260108_111436_117188,HSPU-6W-B-03,MOV_HSPU_PARTIAL,4,6,0.0,,4,6,5.0,7,,2026-01-08T11:14:36
LOG_20260108_111436_238080,HSPU-6W-B-03,MOV_HSPU_ECC,6,2,0.0,,6,2,2.5,6,,2026-01-08T11:14:36
LOG_20260108_111436_184418,HSPU-6W-B-03,MOV_HOLLOW,3,20,0.0,,3,20,20.0,7,,2026-01-08T11:14:36
LOG_20260108_111436_289606,HSPU-6W-B-03,MOV_PCLEAN,,3,55.0,70.0,8,3,60.0,6,,2026-01-08T11:14:36
LOG_20260108_111449_203778,10W_SQUAT_2-D-01,MOV_BACK_SQUAT,4,5,72.5,65.0,4,5,72.5,7,,2026-01-08T11:14:49
LOG_20260109_153126_306056,BMU-6W-C-03,MOV_C2B,5,,0.0,,5,0,2.5,6,,2026-01-09T15:31:26
LOG_20260109_153126_491553,BMU-6W-C-03,MOV_C2B_ISO,3,18,0.0,,3,18,17.5,6,,2026-01-09T15:31:26
LOG_20260109_153126_149159,BMU-6W-C-03,MOV_C2B_NEG,3,5,0.0,,3,5,5.0,7,,2026-01-09T15:31:26
LOG_20260109_153126_247016,BMU-6W-C-03,MOV_LSIT,3,,0.0,,3,0,10.0,8,,2026-01-09T15:31:26
LOG_20260109_153126_182360,BMU-6W-C-03,MOV_BENCH,4,6,62.5,70.0,4,6,62.5,6,,2026-01-09T15:31:26
LOG_20260109_153126_254557,BMU-6W-C-03,MOV_TTB/Thrusters,,,0.0,,6,0,5.0,7,EMOM 8 mins 6TTB 6 Thrusters,2026-01-09T15:31:26
LOG_20260109_153204_169615,10W_SQUAT_2-E-01,MOV_CLEAN_GRIP_OHS,3,2,25.0,60.0,3,2,25.0,5,trying to move down to where I get stuck not rushing,2026-01-09T15:32:04
LOG_20260112_174135_628109,HSPU-6W-C-03,MOV_HOLD_HS,8,30,0.0,,0,0,0.0,6,Missed due to being wekeend getting away,2026-01-12T17:41:35
LOG_20260112_174135_200401,HSPU-6W-C-03,MOV_PIKE_DEF,3,8,0.0,,0,0,0.0,6,Missed due to being wekeend getting away,2026-01-12T17:41:35
LOG_20260112_174135_174577,HSPU-6W-C-03,MOV_HSPU_PARTIAL,4,4,0.0,,0,0,0.0,6,Missed due to being wekeend getting away,2026-01-12T17:41:35
LOG_20260112_174135_145259,HSPU-6W-C-03,MOV_SCAPSLIDE,3,15,0.0,,0,0,0.0,6,Missed due to being wekeend getting away,2026-01-12T17:41:35
LOG_20260112_174236_312688,BMU-6W-A-04,MOV_C2B,6,3,0.0,,6,3,2.5,6,concentrating on the straight arm pull up for BMU,2026-01-12T17:42:36
LOG_20260112_174236_305998,BMU-6W-A-04,MOV_WPU,4,4,0.0,,4,4,7.5,6,,2026-01-12T17:42:36
LOG_20260112_174236_290391,BMU-6W-A-04,MOV_C2B_ISO,3,,0.0,,3,0,15.0,8,,2026-01-12T17:42:36
LOG_20260112_174236_726935,BMU-6W-A-04,MOV_HOLLOW,3,,0.0,,3,0,30.0,8,,2026-01-12T17:42:36
LOG_20260112_174236_243456,BMU-6W-A-04,MOV_BENCH,5,6,67.5,75.0,5,6,67.5,7,,2026-01-12T17:42:36
LOG_20260112_174236_483996,BMU-6W-A-04,MOV_PSNATCH,,3,47.5,0.85,4,3,40.0,6,,2026-01-12T17:42:36
LOG_20260112_174250_234566,10W_SQUAT_2-F-01,MOV_CLEAN_GRIP_OHS,3,2,25.0,65.0,3,2,25.0,6,,2026-01-12T17:42:50
LOG_20260113_160404_225751,HSPU-6W-A-04,MOV_HSPU_ECC,4,2,0.0,,4,2,2.5,4,these are starting to feel easy,2026-01-13T16:04:04
LOG_20260113_160404_830316,HSPU-6W-A-04,MOV_PIKE_DEF,4,8,0.0,,4,8,7.5,8,"these are still very hard, been tryong to get my hips over y shoulders more",2026-01-13T16:04:04
LOG_20260113_160404_678624,HSPU-6W-A-04,MOV_SHPRESS,4,6,52.5,75.0,4,6,40.0,6,this felt better today,2026-01-13T16:04:04
LOG_20260113_160404_208642,HSPU-6W-A-04,MOV_PLANK,3,60,0.0,,3,60,45.0,7,trying to lean forward like a plance,2026-01-13T16:04:04
LOG_20260113_160423_125078,10W_SQUAT_2-A-02,MOV_CLEAN_GRIP_OHS,6,6,27.5,70.0,6,6,27.5,7,,2026-01-13T16:04:23
LOG_20260115_125319_167617,10W_SQUAT_2-B-02,MOV_BACK_SQUAT,3,2,65.0,60.0,3,2,65.0,6,,2026-01-15T12:53:19
LOG_20260115_125358_159918,BMU-6W-B-04,MOV_BMU_TRANS_FA,6,2,0.0,,6,2,2.5,7,,2026-01-15T12:53:58
LOG_20260115_125358_135928,BMU-6W-B-04,MOV_SBDIP,4,4,0.0,,4,4,5.0,6,,2026-01-15T12:53:58
LOG_20260115_125358_321397,BMU-6W-B-04,MOV_BAR_SUP,3,,0.0,,3,0,30.0,6,,2026-01-15T12:53:58
LOG_20260115_125358_252693,BMU-6W-B-04,MOV_BMU_ECC,2,3,0.0,,2,3,2.5,6,,2026-01-15T12:53:58
LOG_20260115_125358_259720,BMU-6W-B-04,MOV_TTB/Thrusters,,,0.0,,8,6,35.0,6,,2026-01-15T12:53:58
LOG_20260116_131751_249583,10W_SQUAT_2-C-02,MOV_CLEAN_GRIP_OHS,3,2,25.0,60.0,3,2,25.0,6,,2026-01-16T13:17:51
LOG_20260116_131814_294228,10W_SQUAT_2-E-02,MOV_CLEAN_GRIP_OHS,3,2,25.0,60.0,3,2,25.0,6,using slant board to keep vertical torso,2026-01-16T13:18:14
LOG_20260116_131935_249371,HSPU-6W-B-04,MOV_HOLD_HS,5,40,0.0,,5,40,40.0,6,wall facing,2026-01-16T13:19:35
LOG_20260116_131935_208429,HSPU-6W-B-04,MOV_HSPU_PARTIAL,4,6,0.0,,4,6,5.0,6,75mm foam block,2026-01-16T13:19:35
LOG_20260116_131935_704100,HSPU-6W-B-04,MOV_HSPU_ECC,6,2,0.0,,6,2,2.5,6,2 sec eccentric 2 sec pause,2026-01-16T13:19:35
LOG_20260116_131935_886035,HSPU-6W-B-04,MOV_HOLLOW,3,20,0.0,,3,20,20.0,7,,2026-01-16T13:19:35
LOG_20260116_131935_333439,HSPU-6W-B-04,MOV_DU/Burpee,,,0.0,,8,0,0.0,7,30 DUs 8 lateral burpees,2026-01-16T13:19:35
LOG_20260120_144657_132683,BMU-6W-C-04,MOV_C2B,5,,0.0,,5,0,5.0,5,,2026-01-20T14:46:57
LOG_20260120_144657_205130,BMU-6W-C-04,MOV_C2B_ISO,3,,0.0,,3,0,15.0,6,,2026-01-20T14:46:57
LOG_20260120_144657_130495,BMU-6W-C-04,MOV_C2B_NEG,3,5,0.0,,3,5,5.0,6,,2026-01-20T14:46:57
LOG_20260120_144657_229738,BMU-6W-C-04,MOV_LSIT,3,,0.0,,3,0,10.0,8,,2026-01-20T14:46:57
LOG_20260120_144657_128650,BMU-6W-C-04,MOV_BENCH,4,5,67.5,75.0,4,5,67.5,7,,2026-01-20T14:46:57
LOG_20260120_144657_144406,BMU-6W-C-04,MOV_TTB/Thrusters,,,0.0,,0,0,0.0,6,missed this due to fatigue,2026-01-20T14:46:57
LOG_20260120_144710_139863,10W_SQUAT_2-D-02,MOV_BACK_SQUAT,6,5,77.5,70.0,6,5,77.5,8,,2026-01-20T14:47:10
LOG_20260121_143301_220967,HSPU-6W-C-04,MOV_HOLD_HS,8,30,0.0,,5,20,20.0,6,Crow pose for balance,2026-01-21T14:33:01
LOG_20260121_143301_134924,HSPU-6W-C-04,MOV_PIKE_DEF,3,8,0.0,,3,8,7.5,5,,2026-01-21T14:33:01
LOG_20260121_143301_121199,HSPU-6W-C-04,MOV_HSPU_PARTIAL,4,4,0.0,,4,4,0.0,6,lowest my foam block goes,2026-01-21T14:33:01
LOG_20260121_143301_688433,HSPU-6W-C-04,MOV_SCAPSLIDE,3,15,0.0,,3,15,15.0,6,moved these onto the floor with a snatch grip great stretch in chest,2026-01-21T14:33:01
LOG_20260121_143301_162726,HSPU-6W-C-04,MOV_WW,,2,0.0,,0,2,0.0,6,skipped ,2026-01-21T14:33:01
LOG_20260121_143310_233648,10W_SQUAT_2-F-02,MOV_CLEAN_GRIP_OHS,3,2,27.5,70.0,3,2,27.5,6,,2026-01-21T14:33:10
LOG_20260126_150222_239637,BMU-6W-A-05,MOV_C2B,5,3,0.0,,5,3,2.5,4,,2026-01-26T15:02:22
LOG_20260126_150222_207491,BMU-6W-A-05,MOV_WPU,5,3,0.0,,5,3,10.0,8,,2026-01-26T15:02:22
LOG_20260126_150222_262719,BMU-6W-A-05,MOV_C2B_ISO,3,,0.0,,3,1,25.0,8,,2026-01-26T15:02:22
LOG_20260126_150222_971713,BMU-6W-A-05,MOV_HOLLOW,3,,0.0,,3,1,30.0,8,,2026-01-26T15:02:22
LOG_20260126_150222_118996,BMU-6W-A-05,MOV_BENCH,6,5,67.5,75.0,6,5,67.5,5,,2026-01-26T15:02:22
LOG_20260126_150222_106125,BMU-6W-A-05,MOV_TTB/Thrusters,,,0.0,,0,0,0.0,6,baby woke up after 2 mins had to stop,2026-01-26T15:02:22
LOG_20260126_150304_202992,10W_SQUAT_2-A-03,MOV_CLEAN_GRIP_OHS,8,6,27.5,70.0,8,6,27.5,8,had to get the depth and can feel in my upper back which is good,2026-01-26T15:03:04
LOG_20260127_113949_256485,HSPU-6W-A-05,MOV_HSPU_ECC,4,3,0.0,,4,3,2.5,7,to deficiet 15kg plates,2026-01-27T11:39:49
LOG_20260127_113949_482833,HSPU-6W-A-05,MOV_PIKE_DEF,4,8,0.0,,4,8,7.5,8,15 and 10kg plates,2026-01-27T11:39:49
LOG_20260127_113949_108499,HSPU-6W-A-05,MOV_SHPRESS,3,5,52.5,75.0,3,5,45.0,7,,2026-01-27T11:39:49
LOG_20260127_113949_950721,HSPU-6W-A-05,MOV_PLANK,3,60,0.0,,3,60,60.0,7,,2026-01-27T11:39:49
LOG_20260127_113949_798347,HSPU-6W-A-05,MOV_DU/Burpee,,,0.0,,0,0,0.0,6,skipped due to fatigue from last week,2026-01-27T11:39:49
LOG_20260127_114024_232243,10W_SQUAT_2-B-03,MOV_BACK_SQUAT,3,2,65.0,60.0,3,2,60.0,6,2 secs pausesd at bottom,2026-01-27T11:40:24
LOG_20260128_105941_119399,10W_SQUAT_2-C-03,MOV_CLEAN_GRIP_OHS,3,2,25.0,60.0,3,2,25.0,7,"slant board, ",2026-01-28T10:59:41
LOG_20260128_110105_218716,BMU-6W-B-05,MOV_BMU_TRANS_FA,5,1,0.0,,5,1,0.0,7,,2026-01-28T11:01:05
LOG_20260128_110105_124745,BMU-6W-B-05,MOV_SBDIP,3,2,0.0,,3,2,2.5,7,tried very narrow grip felt better in the wrists,2026-01-28T11:01:05
LOG_20260128_110105_875604,BMU-6W-B-05,MOV_BAR_SUP,3,,0.0,,3,0,30.0,7,,2026-01-28T11:01:05
LOG_20260128_110105_329584,BMU-6W-B-05,MOV_BMU_ECC,2,2,0.0,,2,2,2.5,8,I fall out once I get to the bottom of the dip,2026-01-28T11:01:05
LOG_20260128_110105_183503,BMU-6W-B-05,MOV_TTB/Thrusters,,,0.0,,8,8,0.0,6,8TTB 6Thursters,2026-01-28T11:01:05
LOG_20260129_142633_743197,HSPU-6W-B-05,MOV_HOLD_HS,5,40,0.0,,5,40,30.0,6,Crow Pose,2026-01-29T14:26:33
LOG_20260129_142633_206364,HSPU-6W-B-05,MOV_HSPU_PARTIAL,4,6,0.0,,4,6,5.0,7,,2026-01-29T14:26:33
LOG_20260129_142633_114244,HSPU-6W-B-05,MOV_HSPU_PARTIAL,6,2,0.0,,6,2,2.5,7,,2026-01-29T14:26:33
LOG_20260129_142633_334393,HSPU-6W-B-05,MOV_HOLLOW,3,20,0.0,,3,20,30.0,8,,2026-01-29T14:26:33
LOG_20260129_142633_196059,HSPU-6W-B-05,MOV_PCLEAN,,3,60.0,75.0,0,0,0.0,6,skipped tired and ran out of time,2026-01-29T14:26:33
LOG_20260129_142645_143727,10W_SQUAT_2-D-03,MOV_BACK_SQUAT,8,5,77.5,70.0,8,5,77.5,8,,2026-01-29T14:26:45
LOG_20260130_135933_532339,BMU-6W-C-05,MOV_C2B,6,3,0.0,,6,3,2.5,7,,2026-01-30T13:59:33
LOG_20260130_135933_252896,BMU-6W-C-05,MOV_C2B_ISO,3,,0.0,,3,0,30.0,8,,2026-01-30T13:59:33
LOG_20260130_135933_104179,BMU-6W-C-05,MOV_C2B_NEG,3,4,0.0,,3,4,5.0,7,,2026-01-30T13:59:33
LOG_20260130_135933_276326,BMU-6W-C-05,MOV_LSIT,3,,0.0,,3,0,30.0,8,,2026-01-30T13:59:33
LOG_20260130_135933_111947,BMU-6W-C-05,MOV_BENCH,4,5,67.5,75.0,4,5,67.5,6,skipped this ,2026-01-30T13:59:33
LOG_20260130_135933_316581,BMU-6W-C-05,MOV_TTB/Thrusters,,,0.0,,0,0,0.0,6,did 8EMOM 2 x Cleans @ 60kg,2026-01-30T13:59:33
LOG_20260130_135950_162689,10W_SQUAT_2-E-03,MOV_CLEAN_GRIP_OHS,3,2,25.0,60.0,3,2,25.0,6,slant board,2026-01-30T13:59:50
LOG_20260202_081545_329947,10W_SQUAT_2-F-03,MOV_CLEAN_GRIP_OHS,3,2,27.5,70.0,3,2,27.5,7,,2026-02-02T08:15:45
LOG_20260202_164157_334395,10W_SQUAT_2-A-04,MOV_CLEAN_GRIP_OHS,10,6,27.5,70.0,10,6,27.5,8,last couple of sets got hard,2026-02-02T16:41:57
LOG_20260203_145843_202600,10W_SQUAT_2-B-04,MOV_BACK_SQUAT,3,2,65.0,60.0,3,2,65.0,6,feeling stronger in the bottom position,2026-02-03T14:58:43
LOG_20260210_141900_161673,10W_SQUAT_2-C-04,MOV_CLEAN_GRIP_OHS,3,2,25.0,60.0,3,2,25.0,6,2 sets with slant board 1 without,2026-02-10T14:19:00
LOG_20260210_142026_831130,PHASE_ONE_2026-A-01,MOV_TIB_RAISE,3,25,0.0,,3,25,5.0,7,,2026-02-10T14:20:26
LOG_20260210_142026_292683,PHASE_ONE_2026-A-01,MOV_ATG_SS,5,5,0.0,,5,5,0.0,7,left hip is mich tigther than right and right kneee is less mobile then left,2026-02-10T14:20:26
LOG_20260210_142026_263397,PHASE_ONE_2026-A-01,MOV_SOTTS_PR,3,8,0.0,,3,8,15.0,8,1 set on slant board two sets standing dipped as far as i could before rounding back,2026-02-10T14:20:26
LOG_20260210_142026_195976,PHASE_ONE_2026-A-01,MOV_PISTOL_NEG,3,5,0.0,,3,5,0.0,7,did to pistosl up and down to bench,2026-02-10T14:20:26
LOG_20260211_132416_118060,10W_SQUAT_2-D-04,MOV_BACK_SQUAT,10,5,77.5,70.0,10,5,77.5,9,this was hard the sets 4-8 felt strong,2026-02-11T13:24:16
LOG_20260211_132500_229951,PHASE_ONE_2026-B-01,MOV_PATRICK,3,25,0.0,,3,26,0.0,7,,2026-02-11T13:25:00
LOG_20260211_132500_137199,PHASE_ONE_2026-B-01,MOV_SHPRESS,4,6,50.0,70.0,4,6,45.0,7,,2026-02-11T13:25:00
LOG_20260211_132500_228855,PHASE_ONE_2026-B-01,MOV_HSW_TAP,3,20,0.0,,3,20,0.0,9,this was hard I could not hold a tight midline,2026-02-11T13:25:00
LOG_20260211_132500_530134,PHASE_ONE_2026-B-01,MOV_JEFF_CURL,3,10,0.0,,3,10,15.0,7,,2026-02-11T13:25:00
LOG_20260212_142236_196084,10W_SQUAT_2-E-04,MOV_CLEAN_GRIP_OHS,3,2,25.0,60.0,3,2,25.0,6,I am starting to feel it in my quads which is good,2026-02-12T14:22:36
LOG_20260212_142537_271324,PHASE_ONE_2026-C-01,MOV_LSIT,3,30,0.0,,3,30,0.0,8,broken into 2x15 sec holds with 15 rest to get the 30secs,2026-02-12T14:25:37
LOG_20260212_142537_151715,PHASE_ONE_2026-C-01,MOV_JEFF_CURL,3,8,0.0,,3,8,15.0,7,,2026-02-12T14:25:37
LOG_20260212_142537_189970,PHASE_ONE_2026-C-01,MOV_STRICT_C2B,5,3,0.0,,5,3,0.0,7,first 2 feel good third I loose my rythm,2026-02-12T14:25:37
LOG_20260212_142537_789350,PHASE_ONE_2026-C-01,MOV_PEC_STRETCH,3,90,0.0,,3,90,2.5,7,felt good to stretch,2026-02-12T14:25:37
