LocalDate,Sessions,Sets,TotalReps,TotalVolume_kg,TopWeight_kg,AvgWeight_kg,WorkTime_s,RestTime_s,Density_mean,Deadlift_Vol_kg,Olympic_Vol_kg,Other_Vol_kg,Press_Vol_kg,Squat_Vol_kg,UpperPullPush_Vol_kg,Deadlift_Top_kg,Olympic_Top_kg,Other_Top_kg,Press_Top_kg,Squat_Top_kg,UpperPullPush_Top_kg,Deadlift_Sets,Olympic_Sets,Other_Sets,Press_Sets,Squat_Sets,UpperPullPush_Sets,Vol7d,Vol28d,ACWR_Vol,Sets7d,Sets28d,ACWR_Sets
2022-01-18,1,17,93.0,3780.0,60.0,45.0,1382.4,0.0,1.0,,,,,,,,,,,,,,,,,,,3780.0,,,17.0,,
2022-01-20,1,15,103.0,3250.0,50.0,50.0,1853.1,0.0,1.0,,,,,,,,,,,,,,,,,,,7030.0,,,32.0,,
2022-01-24,1,16,97.0,3640.0,70.0,52.5,1632.1,0.0,1.0,,,,,,,,,,,,,,,,,,,10670.0,,,48.0,,
2022-01-25,1,16,82.0,2970.0,55.0,55.0,1681.2,0.0,1.0,,,,,,,,,,,,,,,,,,,13640.0,,,64.0,,
2022-01-26,1,16,117.0,4765.0,80.0,57.5,1666.8,0.0,1.0,,,,,,,,,,,,,,,,,,,18405.0,,,80.0,,
2022-01-30,1,18,92.0,3600.0,60.0,60.0,1727.5,0.0,1.0,,,,,,,,,,,,,,,,,,,22005.0,,,98.0,,
2022-01-31,1,36,100.0,3410.0,85.0,47.94117647058823,1810.5,0.0,1.0,,,,,,,,,,,,,,,,,,,25415.0,25415.0,1.0,134.0,134.0,1.0
2022-02-01,1,18,106.0,4200.0,60.0,60.0,1779.9,0.0,1.0,,,,,,,,,,,,,,,,,,,25835.0,29615.0,0.8723619787269965,135.0,152.0,0.8881578947368421
2022-02-03,1,34,84.0,3540.0,85.0,50.625,1810.4,0.0,1.0,,,,,,,,,,,,,,,,,,,26125.0,33155.0,0.7879656160458453,154.0,186.0,0.8279569892473119
2022-02-04,1,34,97.0,3200.0,60.0,38.75,1902.9,0.0,1.0,,,,,,,,,,,,,,,,,,,25685.0,36355.0,0.7065052950075643,172.0,220.0,0.7818181818181819
2022-02-08,1,32,97.0,3280.0,60.0,34.666666666666664,1769.8,0.0,1.0,,,,,,,,,,,,,,,,,,,25995.0,39635.0,0.6558597199444935,188.0,252.0,0.746031746031746
2022-02-10,1,34,104.0,3820.0,70.0,44.70588235294117,2072.0,0.0,1.0,,,,,,,,,,,,,,,,,,,25050.0,43455.0,0.576458405246807,206.0,286.0,0.7202797202797203
2022-02-12,1,42,108.0,4270.0,95.0,50.0,2357.6,0.0,1.0,,,,,,,,,,,,,,,,,,,25720.0,47725.0,0.5389209009952854,230.0,328.0,0.7012195121951219
2022-04-04,1,18,101.0,2560.0,60.0,44.44444444444444,1257.7,0.0,1.0,,,,,,,,,,,,,,,,,,,24870.0,50285.0,0.49458088893308144,212.0,346.0,0.6127167630057804
2022-04-06,1,20,98.0,1320.0,20.0,20.0,1680.7,0.0,1.0,,,,,,,,,,,,,,,,,,,21990.0,51605.0,0.42612149985466524,214.0,366.0,0.5846994535519126
2022-05-19,1,44,88.0,4775.0,95.0,65.71428571428571,2913.3,0.0,1.0,,,,,,,,,,,,,,,,,,,23225.0,56380.0,0.41193685704150407,224.0,410.0,0.5463414634146342
2022-05-25,1,36,112.0,2925.0,50.0,35.3125,2183.3,0.0,1.0,,,,,,,,,,,,,,,,,,,22950.0,59305.0,0.3869825478458815,226.0,446.0,0.5067264573991032
2022-06-02,1,38,227.0,864.0,20.0,8.363636363636363,1793.0,0.0,1.0,,,,,,,,,,,,,,,,,,,20534.0,60169.0,0.3412720836311057,232.0,484.0,0.4793388429752066
2022-06-07,1,49,250.0,1224.0,20.0,5.739130434782608,3685.5,0.0,1.0,,,,,,,,,,,,,,,,,,,17938.0,61393.0,0.2921831479158862,247.0,533.0,0.4634146341463415
2022-06-09,1,48,279.0,1392.0,25.0,6.565217391304348,1976.0,0.0,1.0,,,,,,,,,,,,,,,,,,,15060.0,62785.0,0.23986621008202597,253.0,581.0,0.4354561101549053
2022-06-15,1,36,212.0,1016.0,25.0,5.470588235294118,1743.2,0.0,1.0,,,,,,,,,,,,,,,,,,,13516.0,63801.0,0.21184620930706416,271.0,617.0,0.4392220421393841
2022-06-21,1,62,290.0,3080.0,65.0,20.346153846153847,3779.4,0.0,1.0,,,,,,,,,,,,,,,,,,,15276.0,66881.0,0.22840567575245585,313.0,679.0,0.46097201767304863
2022-06-23,1,20,97.0,2230.0,65.0,51.11111111111112,1604.3,0.0,1.0,,,,,,,,,,,,,,,,,,,12731.0,69111.0,0.1842109070914905,289.0,699.0,0.413447782546495
2022-06-29,1,64,333.0,3689.0,65.0,20.4,3325.3,0.0,1.0,,,,,,,,,,,,,,,,,,,13495.0,72800.0,0.18537087912087913,317.0,763.0,0.41546526867627787
2022-06-30,1,22,62.0,2480.0,65.0,49.0,1732.1,0.0,1.0,,,,,,,,,,,,,,,,,,,15111.0,75280.0,0.20073060573857598,301.0,785.0,0.3834394904458599
2022-07-01,1,24,74.0,2280.0,65.0,39.16666666666666,1785.1,0.0,1.0,,,,,,,,,,,,,,,,,,,16167.0,77560.0,0.20844507478081487,276.0,809.0,0.3411619283065513
2022-07-02,1,22,53.0,1960.0,70.0,55.0,1522.2,0.0,1.0,,,,,,,,,,,,,,,,,,,16735.0,79520.0,0.21045020120724345,250.0,831.0,0.3008423586040915
2022-07-11,1,16,63.0,2755.0,65.0,49.285714285714285,1411.5,0.0,1.0,,,,,,,,,,,,,,,,,,,18474.0,82275.0,0.22453965360072925,230.0,847.0,0.2715466351829988
2022-07-12,1,48,265.0,1748.0,25.0,7.956521739130435,2270.9,0.0,1.0,,,,,,,,,,,,,,,,,,,17142.0,80243.0,0.21362611068878282,216.0,878.0,0.2460136674259681
2022-07-13,1,22,83.0,3785.0,65.0,50.0,1669.0,0.0,1.0,,,,,,,,,,,,,,,,,,,18697.0,80778.0,0.23146153655698334,218.0,885.0,0.24632768361581922
2022-07-15,1,22,80.0,3220.0,70.0,60.0,1903.1,0.0,1.0,,,,,,,,,,,,,,,,,,,18228.0,80358.0,0.22683491376091988,176.0,891.0,0.19753086419753085
2022-07-17,1,34,148.0,8650.0,75.0,53.4375,187.0,0.0,1.0,,,,,,,,,,,,,,,,,,,24398.0,86038.0,0.2835723749970943,188.0,909.0,0.2068206820682068
2022-07-19,1,22,93.0,3585.0,70.0,49.5,1459.7,0.0,1.0,,,,,,,,,,,,,,,,,,,25703.0,84858.0,0.3028942468594593,186.0,915.0,0.20327868852459016
2022-07-20,1,48,244.0,2090.0,35.0,9.717391304347826,2425.3,0.0,1.0,,,,,,,,,,,,,,,,,,,25833.0,83348.0,0.30994145030474635,212.0,945.0,0.22433862433862434
2022-07-23,1,20,81.0,3560.0,70.0,54.44444444444444,1803.9,0.0,1.0,,,,,,,,,,,,,,,,,,,26638.0,83498.0,0.31902560540372227,216.0,929.0,0.232508073196986
2022-07-28,1,22,77.0,3370.0,75.0,63.0,1802.5,0.0,1.0,,,,,,,,,,,,,,,,,,,28260.0,82668.0,0.34184932501088694,190.0,933.0,0.20364415862808147
2023-07-26,1,24,120.0,4050.0,50.0,33.75,1503.8,0.0,1.0,,,,,,,,,,,,,,,,,,,28525.0,83178.0,0.34293923874101323,192.0,923.0,0.20801733477789816
2024-09-30,1,46,188.0,6340.0,50.0,33.04347826086956,3002.7,0.0,1.0,,,,,,,,,,,,,,,,,,,31645.0,86318.0,0.3666095136587965,216.0,935.0,0.23101604278074866
2024-10-03,1,62,195.0,4425.0,50.0,21.048387096774192,3147.8,0.0,1.0,,,,,,,,,,,,,,,,,,,27420.0,87463.0,0.31350399597544104,244.0,965.0,0.2528497409326425
2024-10-06,1,52,226.0,5880.0,45.0,28.26923076923077,3484.2,0.0,1.0,,,,,,,,,,,,,,,,,,,29715.0,89523.0,0.331925873797795,274.0,983.0,0.2787385554425229
2024-10-08,1,28,91.0,2965.0,55.0,32.5,1457.2,0.0,1.0,,,,,,,,,,,,,,,,,,,30590.0,88218.0,0.3467546305742592,254.0,969.0,0.26212590299277605
2024-10-09,1,22,67.0,1290.0,40.0,21.363636363636363,1407.6,0.0,1.0,,,,,,,,,,,,,,,,,,,28320.0,86948.0,0.3257119197681373,256.0,973.0,0.263103802672148
2024-10-11,1,61,269.0,5615.0,60.0,30.183333333333334,3509.0,0.0,1.0,,,,,,,,,,,,,,,,,,,30565.0,91243.0,0.3349846015584757,295.0,1014.0,0.29092702169625245
2024-10-14,1,60,252.0,8290.0,65.0,36.16666666666666,3300.4,0.0,1.0,,,,,,,,,,,,,,,,,,,34805.0,94758.0,0.36730407986660757,331.0,1030.0,0.3213592233009709
2024-10-16,1,28,62.0,1682.5,57.5,23.75,1537.2,0.0,1.0,,,,,,,,,,,,,,,,,,,30147.5,93515.5,0.32237971245408514,313.0,1022.0,0.3062622309197652
2024-10-17,1,74,231.0,6575.0,60.0,35.87837837837838,3446.7,0.0,1.0,,,,,,,,,,,,,,,,,,,32297.5,99226.5,0.3254926859256348,325.0,1058.0,0.30718336483931946
2024-10-20,1,66,278.0,9520.0,67.5,38.333333333333336,3729.8,0.0,1.0,,,,,,,,,,,,,,,,,,,35937.5,107522.5,0.33423236996907624,339.0,1075.0,0.31534883720930235
2024-10-27,1,76,241.0,5885.0,60.0,30.723684210526315,3925.3,0.0,1.0,,,,,,,,,,,,,,,,,,,38857.5,112015.5,0.3468939566399293,387.0,1103.0,0.35086128739800543
2024-10-28,1,68,255.0,7850.0,72.5,38.60294117647059,3556.2,0.0,1.0,,,,,,,,,,,,,,,,,,,45417.5,118849.5,0.3821429623178894,433.0,1135.0,0.3814977973568282
2024-11-03,1,68,206.0,6115.0,67.5,38.6764705882353,3440.9,0.0,1.0,,,,,,,,,,,,,,,,,,,45917.5,121884.5,0.3767296087689575,440.0,1141.0,0.38562664329535495
2024-11-07,1,52,186.0,5300.0,60.0,38.84615384615385,2078.9,0.0,1.0,,,,,,,,,,,,,,,,,,,42927.5,124954.5,0.343545050398345,432.0,1173.0,0.36828644501278773
2024-11-19,1,58,163.0,4759.0,128.0,45.27586206896552,3304.4,0.0,1.0,,,,,,,,,,,,,,,,,,,46004.0,126024.5,0.3650401310856222,462.0,1167.0,0.39588688946015427
2024-11-21,1,68,330.0,9504.0,70.0,32.88235294117647,3627.8,0.0,1.0,,,,,,,,,,,,,,,,,,,48933.0,133048.5,0.3677831768114635,456.0,1213.0,0.3759274525968673
2024-11-26,1,70,322.0,10720.0,70.0,34.285714285714285,3458.9,0.0,1.0,,,,,,,,,,,,,,,,,,,50133.0,141488.5,0.35432561656954453,460.0,1259.0,0.3653693407466243
2024-12-07,1,52,148.0,1100.0,30.0,12.115384615384617,1978.5,0.0,1.0,,,,,,,,,,,,,,,,,,,45348.0,140628.5,0.32246664083027266,436.0,1289.0,0.33824670287044223
2024-12-10,1,88,310.0,10632.5,85.0,40.39772727272727,4743.2,0.0,1.0,,,,,,,,,,,,,,,,,,,48130.5,148506.0,0.324098016241768,456.0,1361.0,0.33504775900073475
2024-12-15,1,102,295.0,10645.0,85.0,34.80392156862745,5456.8,0.0,1.0,,,,,,,,,,,,,,,,,,,52660.5,157403.0,0.33455842645947026,490.0,1415.0,0.3462897526501767
2024-12-16,1,24,37.0,910.0,30.0,24.58333333333333,1115.7,0.0,1.0,,,,,,,,,,,,,,,,,,,48270.5,154528.0,0.3123738092772831,462.0,1417.0,0.3260409315455187
2024-12-20,1,48,95.0,3700.0,75.0,41.875,3190.1,0.0,1.0,,,,,,,,,,,,,,,,,,,47211.5,155008.0,0.3045746026011561,452.0,1443.0,0.31323631323631324
2024-12-22,1,32,64.0,3065.0,75.0,50.9375,2438.8,0.0,1.0,,,,,,,,,,,,,,,,,,,40772.5,149423.0,0.27286629233785964,416.0,1441.0,0.2886884108258154
2024-12-25,1,106,313.0,11430.0,115.0,37.83018867924528,6528.3,0.0,1.0,,,,,,,,,,,,,,,,,,,41482.5,157268.0,0.26376948902510367,452.0,1525.0,0.2963934426229508
2024-12-27,1,108,314.0,11175.0,115.0,37.5925925925926,6839.2,0.0,1.0,,,,,,,,,,,,,,,,,,,51557.5,166353.0,0.30992828503243103,508.0,1585.0,0.3205047318611987
2024-12-28,1,26,28.0,0.0,0.0,0.0,2259.3,0.0,1.0,,,,,,,,,,,,,,,,,,,40925.0,162793.0,0.2513928731579368,446.0,1591.0,0.28032683846637335
2025-01-05,1,84,286.0,9670.0,95.0,28.571428571428573,4911.4,0.0,1.0,,,,,,,,,,,,,,,,,,,39950.0,169093.0,0.23626051935916922,428.0,1653.0,0.2589231699939504
2025-01-11,1,106,374.0,13595.0,95.0,31.9811320754717,6398.6,0.0,1.0,,,,,,,,,,,,,,,,,,,52635.0,178638.0,0.2946461559130756,510.0,1735.0,0.29394812680115273
2025-01-14,1,96,263.0,9107.5,120.0,40.0,5373.9,0.0,1.0,,,,,,,,,,,,,,,,,,,58042.5,181405.5,0.3199599791627045,558.0,1785.0,0.3126050420168067
2025-01-23,1,90,237.0,9057.5,120.0,43.11111111111112,5067.7,0.0,1.0,,,,,,,,,,,,,,,,,,,64035.0,186038.0,0.344203872327159,616.0,1813.0,0.33976833976833976
2025-01-28,1,52,172.0,5190.0,50.0,30.384615384615383,3580.4,0.0,1.0,,,,,,,,,,,,,,,,,,,57795.0,185348.0,0.3118188488680752,562.0,1813.0,0.3099834528405957
2025-01-30,1,51,122.0,3655.0,50.0,25.6,4193.3,0.0,1.0,,,,,,,,,,,,,,,,,,,50275.0,186038.0,0.270240488502349,505.0,1836.0,0.2750544662309368
2025-01-31,1,14,56.0,2200.0,50.0,40.0,1143.6,0.0,1.0,,,,,,,,,,,,,,,,,,,52475.0,186948.0,0.28069302693797205,493.0,1828.0,0.2696936542669584
2025-02-01,1,49,170.0,5020.0,50.0,33.333333333333336,4481.5,0.0,1.0,,,,,,,,,,,,,,,,,,,47825.0,186353.0,0.25663659828390206,458.0,1816.0,0.2522026431718062
2025-02-02,1,52,80.0,0.0,0.0,0.0,3303.9,0.0,1.0,,,,,,,,,,,,,,,,,,,34230.0,178063.0,0.19223533243851895,404.0,1808.0,0.2234513274336283
2025-02-04,1,96,193.0,4910.0,50.0,18.33333333333333,6395.8,0.0,1.0,,,,,,,,,,,,,,,,,,,30032.5,181290.5,0.16565953538657568,404.0,1876.0,0.21535181236673773
2025-02-05,1,60,186.0,4180.0,50.0,26.166666666666668,4091.0,0.0,1.0,,,,,,,,,,,,,,,,,,,25155.0,178895.5,0.14061281586177404,374.0,1862.0,0.200859291084855
2025-02-08,1,92,206.0,4560.0,50.0,19.347826086956523,6637.4,0.0,1.0,,,,,,,,,,,,,,,,,,,24525.0,173935.5,0.14100054330484577,414.0,1888.0,0.21927966101694915
2025-02-09,1,48,175.0,3700.0,40.0,27.08333333333333,3739.5,0.0,1.0,,,,,,,,,,,,,,,,,,,24570.0,171750.5,0.14305635209213366,411.0,1860.0,0.22096774193548388
2025-02-10,1,56,97.0,0.0,0.0,0.0,4027.1,0.0,1.0,,,,,,,,,,,,,,,,,,,22370.0,163900.5,0.13648524562158137,453.0,1848.0,0.24512987012987014
2025-02-13,2,126,269.0,4795.0,50.0,15.925925925925927,8875.6,0.0,1.0,,,,,,,,,,,,,,,,,,,22145.0,162580.5,0.1362094470124031,530.0,1906.0,0.2780692549842602
2025-02-15,1,15,30.0,270.0,30.0,12.857142857142858,940.8,0.0,1.0,,,,,,,,,,,,,,,,,,,22415.0,157550.5,0.1422718429963726,493.0,1869.0,0.2637774210807919
2025-02-16,1,16,49.0,1520.0,40.0,29.375,1297.2,0.0,1.0,,,,,,,,,,,,,,,,,,,19025.0,154311.5,0.12328957984336877,413.0,1827.0,0.2260536398467433
2025-02-21,1,62,197.0,5620.0,60.0,31.93548387096774,4098.9,0.0,1.0,,,,,,,,,,,,,,,,,,,20465.0,150427.5,0.13604560336374666,415.0,1821.0,0.22789676002196596
2025-02-22,1,12,30.0,490.0,35.0,25.83333333333333,694.0,0.0,1.0,,,,,,,,,,,,,,,,,,,16395.0,140197.5,0.1169421708660996,335.0,1763.0,0.19001701644923427
2025-02-23,2,134,272.0,5560.0,65.0,19.17422867513612,8261.5,0.0,1.0,,,,,,,,,,,,,,,,,,,18255.0,144657.5,0.12619463214835042,421.0,1845.0,0.22818428184281841
2025-02-24,1,54,163.0,5320.0,40.0,36.48148148148148,3870.9,0.0,1.0,,,,,,,,,,,,,,,,,,,23575.0,139345.0,0.1691843984355377,419.0,1811.0,0.23136388735505245
2025-02-25,1,50,103.0,2160.0,42.5,13.7,2983.8,0.0,1.0,,,,,,,,,,,,,,,,,,,20940.0,130860.0,0.16001834021091244,343.0,1759.0,0.19499715747583854
2025-02-26,1,52,135.0,4520.0,60.0,37.30769230769231,3952.7,0.0,1.0,,,,,,,,,,,,,,,,,,,25190.0,134470.0,0.18732802855655536,380.0,1787.0,0.21264689423614996
2025-03-01,1,64,82.0,940.0,50.0,10.390625,3955.2,0.0,1.0,,,,,,,,,,,,,,,,,,,24610.0,131710.0,0.1868498975020879,428.0,1803.0,0.23738214087631726
2025-03-02,1,54,137.0,5020.0,70.0,38.888888888888886,4057.0,0.0,1.0,,,,,,,,,,,,,,,,,,,24010.0,133665.0,0.17962817491489919,420.0,1825.0,0.23013698630136986
2025-03-03,1,72,117.0,805.0,37.5,5.277777777777778,4261.6,0.0,1.0,,,,,,,,,,,,,,,,,,,24325.0,123040.0,0.19769993498049415,480.0,1791.0,0.26800670016750416
2025-03-04,1,48,111.0,3215.0,70.0,34.166666666666664,3858.6,0.0,1.0,,,,,,,,,,,,,,,,,,,21980.0,115080.0,0.19099756690997566,394.0,1731.0,0.22761409589832468
2025-03-05,1,54,112.0,2406.0,42.0,14.944444444444445,3785.0,0.0,1.0,,,,,,,,,,,,,,,,,,,19066.0,117486.0,0.16228316565378004,394.0,1759.0,0.22399090392268334
2025-03-09,1,44,109.0,3960.0,60.0,41.36363636363637,2812.1,0.0,1.0,,,,,,,,,,,,,,,,,,,20866.0,111776.0,0.18667692527912969,388.0,1719.0,0.2257126236183828
2025-03-10,1,46,117.0,3415.0,45.0,29.23913043478261,3285.6,0.0,1.0,,,,,,,,,,,,,,,,,,,19761.0,101596.0,0.1945056892003622,382.0,1659.0,0.23025919228450875
2025-03-12,1,78,129.0,3600.0,70.0,17.435897435897434,5944.3,0.0,1.0,,,,,,,,,,,,,,,,,,,22421.0,96088.5,0.23333697580875964,396.0,1641.0,0.2413162705667276
2025-03-17,1,14,31.0,815.0,37.5,27.5,1159.6,0.0,1.0,,,,,,,,,,,,,,,,,,,18216.0,87846.0,0.20736288504883546,356.0,1565.0,0.22747603833865815
2025-03-18,1,54,133.0,3355.0,70.0,31.666666666666668,3607.1,0.0,1.0,,,,,,,,,,,,,,,,,,,20766.0,86011.0,0.24143423515596843,338.0,1567.0,0.21569878749202298
2025-03-19,1,28,87.0,2955.0,42.5,34.642857142857146,2289.0,0.0,1.0,,,,,,,,,,,,,,,,,,,20506.0,85311.0,0.24036759620681974,318.0,1544.0,0.20595854922279794
2025-03-20,2,88,195.0,5115.0,60.0,26.07758620689655,6498.1,0.0,1.0,,,,,,,,,,,,,,,,,,,23215.0,88226.0,0.26313104980391266,352.0,1618.0,0.21755253399258342
2025-03-22,1,28,75.0,4620.0,70.0,60.71428571428572,2150.3,0.0,1.0,,,,,,,,,,,,,,,,,,,23875.0,87826.0,0.27184432855874113,336.0,1597.0,0.21039448966812774
2025-03-24,1,44,91.0,815.0,37.5,8.75,2725.9,0.0,1.0,,,,,,,,,,,,,,,,,,,21275.0,88641.0,0.24001308649496284,334.0,1589.0,0.21019509125235997
2025-03-25,1,20,33.0,847.5,42.5,21.5,1183.4,0.0,1.0,,,,,,,,,,,,,,,,,,,18522.5,84578.5,0.21899773583121007,276.0,1513.0,0.18241903502974224
2025-03-26,1,58,177.0,6140.0,45.0,36.46551724137931,3538.2,0.0,1.0,,,,,,,,,,,,,,,,,,,23847.5,86538.5,0.27557098863511614,320.0,1511.0,0.21178027796161483
2025-03-27,1,14,42.0,1240.0,60.0,42.85714285714285,720.5,0.0,1.0,,,,,,,,,,,,,,,,,,,21732.5,83218.5,0.2611498645132993,280.0,1433.0,0.19539427773900908
2025-03-28,1,48,77.0,805.0,37.5,7.916666666666667,2539.0,0.0,1.0,,,,,,,,,,,,,,,,,,,19582.5,80323.5,0.24379540234178043,300.0,1433.0,0.209351011863224
2025-03-29,1,56,141.0,6225.0,75.0,46.69642857142857,4108.6,0.0,1.0,,,,,,,,,,,,,,,,,,,20692.5,86548.5,0.2390855994038025,268.0,1433.0,0.1870202372644801
2025-03-31,1,46,87.0,815.0,37.5,8.369565217391305,2682.8,0.0,1.0,,,,,,,,,,,,,,,,,,,16887.5,82568.5,0.20452715018439235,286.0,1353.0,0.21138211382113822
2025-04-01,2,114,251.0,7775.0,60.0,26.68424317617866,7147.1,0.0,1.0,,,,,,,,,,,,,,,,,,,23847.5,90073.5,0.26475600481828726,356.0,1452.0,0.24517906336088155
2025-04-03,2,98,259.0,5875.0,60.0,22.787224264705884,5793.5,0.0,1.0,,,,,,,,,,,,,,,,,,,28875.0,94428.5,0.30578691814441616,434.0,1534.0,0.28292046936114734
2025-04-06,2,125,250.0,7685.0,77.5,24.69324324324324,7262.4,0.0,1.0,,,,,,,,,,,,,,,,,,,30420.0,96493.5,0.31525439537378164,501.0,1597.0,0.3137132122730119
2025-04-08,1,32,99.0,3120.0,52.5,35.46875,1652.9,0.0,1.0,,,,,,,,,,,,,,,,,,,32300.0,99123.5,0.32585612897042576,519.0,1617.0,0.3209647495361781
2025-04-10,1,54,74.0,1240.0,60.0,11.11111111111111,2792.1,0.0,1.0,,,,,,,,,,,,,,,,,,,32735.0,94803.5,0.3452931590078425,525.0,1537.0,0.3415744957709824
2025-04-11,1,42,87.0,3065.0,50.0,36.785714285714285,2586.1,0.0,1.0,,,,,,,,,,,,,,,,,,,29575.0,92548.5,0.3195621755079769,511.0,1525.0,0.33508196721311473
2025-04-16,1,25,60.0,2700.0,82.5,42.91666666666666,1807.5,0.0,1.0,,,,,,,,,,,,,,,,,,,31460.0,93088.5,0.33795796473248574,490.0,1500.0,0.32666666666666666
2025-04-17,1,48,99.0,805.0,37.5,7.916666666666667,3008.1,0.0,1.0,,,,,,,,,,,,,,,,,,,24490.0,89373.5,0.27401858492729947,424.0,1496.0,0.28342245989304815
2025-04-18,1,48,120.0,3595.0,50.0,32.708333333333336,3508.4,0.0,1.0,,,,,,,,,,,,,,,,,,,22210.0,92028.5,0.24133828107597102,374.0,1480.0,0.2527027027027027
2025-04-19,1,54,128.0,4575.0,55.0,36.851851851851855,3505.4,0.0,1.0,,,,,,,,,,,,,,,,,,,19100.0,91583.5,0.20855285067725082,303.0,1480.0,0.20472972972972972
2025-04-21,1,18,42.0,1240.0,60.0,33.333333333333336,1149.6,0.0,1.0,,,,,,,,,,,,,,,,,,,17220.0,92018.5,0.18713628237800006,289.0,1426.0,0.2026647966339411
2025-04-22,1,46,119.0,3435.0,65.0,34.67391304347826,3547.0,0.0,1.0,,,,,,,,,,,,,,,,,,,19415.0,92238.5,0.2104869441719022,281.0,1424.0,0.1973314606741573
2025-04-25,1,52,137.0,5105.0,85.0,37.98076923076923,3381.3,0.0,1.0,,,,,,,,,,,,,,,,,,,21455.0,94937.5,0.22599078341013826,291.0,1422.0,0.20464135021097046
2025-04-26,1,56,135.0,4555.0,50.0,32.767857142857146,3335.7,0.0,1.0,,,,,,,,,,,,,,,,,,,23310.0,95532.5,0.24400073273493314,322.0,1434.0,0.22454672245467225
2025-04-28,1,46,78.0,1100.0,45.0,10.652173913043478,2543.8,0.0,1.0,,,,,1100.0,0.0,,,,,45.0,0.0,,,,,8.0,6.0,23605.0,93217.5,0.25322498457907583,320.0,1434.0,0.22315202231520223
2025-04-29,1,44,130.0,4360.0,60.0,38.18181818181818,3152.7,0.0,1.0,,2650.0,,,1710.0,,,60.0,,,57.5,,,11.0,,,11.0,,24370.0,93977.5,0.2593173898007502,316.0,1400.0,0.2257142857142857
2025-05-03,1,54,149.0,5055.0,60.0,37.5925925925926,4093.1,0.0,1.0,,3815.0,,,1240.0,,,50.0,,,60.0,,,19.0,,,8.0,,24850.0,98217.5,0.25300990149413294,316.0,1440.0,0.21944444444444444
2025-05-06,1,54,153.0,5785.0,52.5,42.03703703703704,2887.5,0.0,1.0,,3100.0,1500.0,,1185.0,,,50.0,50.0,,52.5,,,13.0,6.0,,8.0,,29395.0,100647.5,0.29205891850269505,352.0,1440.0,0.24444444444444444
2025-05-27,1,21,70.0,1460.0,60.0,32.5,3474.1000000000004,0.0,1.0,,,,,1460.0,,,,,,60.0,,,,,,7.0,,27420.0,99152.5,0.2765437079246615,327.0,1433.0,0.22819260293091417
2025-05-29,1,48,146.0,3660.0,40.0,28.95833333333333,3078.0,0.0,1.0,,2600.0,,,1060.0,,,40.0,,,37.5,,,13.0,,,11.0,,25975.0,97697.5,0.2658716957956959,323.0,1393.0,0.23187365398420676
2025-05-30,1,15,44.0,967.5,42.5,32.142857142857146,3026.8,0.0,1.0,,,,,967.5,,,,,,42.5,,,,,,8.0,,22387.5,94045.0,0.23805093306395875,282.0,1380.0,0.20434782608695654
2025-06-01,1,38,90.0,2210.0,50.0,28.81578947368421,2714.6,0.0,1.0,,,,,,,,,,,,,,,,,,,23497.5,95440.0,0.2462018021793797,274.0,1374.0,0.19941775836972345
2025-06-03,1,20,38.0,1390.0,100.0,62.0,2127.2,0.0,1.0,,,,,1390.0,,,,,,100.0,,,,,,10.0,,20527.5,95982.5,0.2138671111921444,250.0,1374.0,0.1819505094614265
2025-06-05,1,40,94.0,2675.0,60.0,40.0,2489.4,0.0,1.0,,1820.0,,,855.0,,,60.0,,,37.5,,,13.0,,,5.0,,18147.5,92517.5,0.19615207933634177,236.0,1356.0,0.17404129793510326
2025-06-06,1,13,32.0,1000.0,60.0,40.0,3345.9,0.0,1.0,,,,,1000.0,,,,,,60.0,,,,,,6.0,,13362.5,92277.5,0.14480778087832896,195.0,1355.0,0.14391143911439114
2025-06-09,1,20,44.0,1185.0,85.0,49.5,1706.9,0.0,1.0,,,,,1185.0,,,,,,85.0,,,,,,10.0,,13087.5,92657.5,0.14124598656341905,194.0,1327.0,0.1461944235116805
2025-06-11,1,34,83.0,2690.0,60.0,41.76470588235294,2160.7,0.0,1.0,,,,,2690.0,,,,,,60.0,,,,,,17.0,,12117.5,89122.5,0.13596454318494208,180.0,1305.0,0.13793103448275862
2025-06-13,1,1,7.0,0.0,,,3282.3,0.0,1.0,,,,,,,,,,,,,,,,,,,11150.0,88307.5,0.12626334116581264,166.0,1260.0,0.13174603174603175
2025-06-15,1,25,52.0,910.0,50.0,29.166666666666668,1593.5,0.0,1.0,,,,,910.0,,,,,,50.0,,,,,,11.0,,9850.0,81442.5,0.12094422445283483,153.0,1171.0,0.13065755764304013
2025-06-19,1,1,4.0,0.0,,,1453.9,0.0,1.0,,,,,,,,,,,,,,,,,,,8460.0,75567.5,0.11195288980050948,134.0,1074.0,0.12476722532588454
2025-07-08,1,9,50.0,416.0,40.0,16.0,2048.4,0.0,1.0,,,,,,,,,,,,,,,,,,,6201.0,68298.5,0.09079262355688632,103.0,958.0,0.10751565762004175
2025-07-10,1,34,104.0,4640.0,60.0,45.88235294117647,1875.4,0.0,1.0,,,,4640.0,,,,,,60.0,,,,,,16.0,,,9841.0,69818.5,0.1409511805610261,124.0,960.0,0.12916666666666668
2025-07-13,1,42,158.0,3390.0,60.0,25.714285714285715,2200.2,0.0,1.0,,,,,,,,,,,,,,,,,,,12046.0,71968.5,0.16737878377345644,146.0,948.0,0.1540084388185654
2025-07-15,1,56,192.0,7400.0,70.0,43.42857142857143,2571.8,0.0,1.0,,,,,,,,,,,,,,,,,,,16756.0,76303.5,0.21959674195810153,168.0,962.0,0.17463617463617465
2025-07-17,1,14,59.0,2200.0,50.0,41.42857142857143,2084.6,0.0,1.0,,,,2200.0,,,,,,50.0,,,,,,6.0,,,18956.0,75803.5,0.25006760901541486,181.0,951.0,0.19032597266035753
2025-07-20,1,34,150.0,1980.0,85.0,32.794117647058826,2608.5,0.0,1.0,,,,,1680.0,,,,,,85.0,,,,,,10.0,,20026.0,76978.5,0.26015056152042454,190.0,937.0,0.20277481323372465
2025-07-22,1,30,168.0,5660.0,100.0,50.66666666666666,2437.8,0.0,1.0,,,,,1460.0,,,,,,100.0,,,,,,8.0,,25686.0,79043.5,0.3249603066665823,219.0,919.0,0.2383025027203482
2025-07-24,1,25,67.0,1495.0,45.0,35.416666666666664,2186.6,0.0,1.0,,,,,,,,,,,,,,,,,,,26765.0,75963.5,0.3523402686816695,235.0,890.0,0.2640449438202247
2025-08-14,1,22,69.0,2135.0,78.0,30.09090909090909,1925.1,0.0,1.0,,,,,1121.0,,,,,,73.0,,,,,,6.0,,24260.0,76858.5,0.3156449839640378,223.0,894.0,0.2494407158836689
2025-08-20,1,36,56.0,2750.0,170.0,80.55555555555556,2460.9,0.0,1.0,1030.0,,,480.0,1240.0,,170.0,,,90.0,100.0,,6.0,,,5.0,7.0,,23620.0,76173.5,0.310081590054284,217.0,884.0,0.24547511312217193
2025-08-25,1,16,23.0,1130.0,70.0,56.25,773.4,0.0,1.0,,,,,1130.0,,,,,,70.0,,,,,,8.0,,17350.0,72198.5,0.2403097017251051,177.0,848.0,0.20872641509433962
